nombre_invocador,region,liga,lps,ranking_mundial,winrate_total,kills_player_kda,deaths_player_kda,assists_player_kda,score
elyoyaaaaaaaaaaa,EUW,GrandMaster,806,2815,53.5,7.2,4.4,7.7,1.0056206462473345
bluerzor,EUW,GrandMaster,786,2880,53.6,6.2,4.5,8.4,1.0055687896141303
I Love Uber Eats,EUW,Challenger,1258,108,54.3,5.0,4.7,9.3,1.0051515953016077
blaberfish2,EUW,Challenger,1462,25,62.2,7.3,5.5,8.0,1.0048403373692356
Razørk Activoo,EUW,Challenger,1036,387,53.4,6.5,4.8,8.5,1.004502785153208
Maxlore,EUW,Challenger,914,755,51.5,7.7,5.1,7.7,1.004151813074028
Boukada,EUW,Challenger,1006,477,58.8,7.2,5.4,9.9,1.002177099495707
잘가요 굿바이,KR,GrandMaster,637,3740,56.7,7.7,4.8,7.3,1.0010436297427798
Draven696969,EUW,Challenger,1250,100,53.7,6.3,5.0,8.4,0.0112376573211595
nemesis fan 48,EUW,Challenger,1222,122,56.9,6.0,4.5,7.1,0.0088543766338219
paiN caca1,BR,Challenger,1153,184,55.6,7.6,5.3,7.8,0.0087185434642844
JUGKlNG,KR,Challenger,1403,42,68.7,7.0,4.6,8.1,0.008520646742613
Yagiao,EUW,Challenger,1222,123,58.2,6.6,4.5,8.8,0.0083874910550457
im a jungler,EUW,Challenger,1423,34,55.8,7.5,3.8,8.1,0.0083644526854077
Yøø Høbin,LAN,Challenger,1145,193,59.1,8.1,5.4,7.5,0.0082889695279283
KJ Allen,BR,Challenger,1262,92,55.8,7.1,4.9,7.9,0.0082821188409601
Śheiden,EUW,Challenger,1273,88,63.0,8.5,4.4,7.3,0.0082533420002484
dw99q0znyh9c7wh,BR,Challenger,1206,139,56.2,9.0,5.4,7.2,0.0082296246867031
AHaHaCiK,EUW,Challenger,1209,132,55.7,6.7,5.1,8.9,0.0081983343171226
Boogeyman,LAS,Challenger,1286,84,58.6,8.6,4.6,5.4,0.0081646472175019
RED Curse,BR,Challenger,1282,86,58.1,6.1,4.9,10.3,0.0080971077574563
ssywfnkhl,BR,Challenger,1250,102,53.1,6.6,4.2,8.7,0.007990152178158
100T C1oser,EUW,Challenger,1247,104,60.9,7.2,5.0,8.9,0.007941496406543
Villager C,EUW,Challenger,1144,194,53.6,8.0,4.3,8.0,0.0079184836472481
lalalalalalaaala,EUW,Challenger,1080,283,60.8,5.9,3.8,8.0,0.0078543805499205
Wx Mjm978244659,EUW,Challenger,1226,120,53.1,6.0,4.7,8.7,0.0078043301258262
DuplaNazareno,BR,Challenger,1336,63,54.7,7.8,4.5,6.8,0.0077767980696682
Perfect Blue,KR,Challenger,1031,360,59.1,7.5,4.3,7.8,0.0077739563366759
Zwei und die,EUW,Challenger,1157,178,54.5,6.0,4.1,8.5,0.0077722528948449
LBR Drakehero,BR,Challenger,1349,57,52.8,6.6,4.9,8.4,0.0077519840915652
B0NN1E,KR,Challenger,1086,273,55.8,5.6,4.4,8.9,0.0077418565423983
VELJA THE MENACE,EUW,Challenger,1216,129,56.7,7.0,4.7,6.0,0.0077182355059727
Matty,EUW,Challenger,1122,226,57.7,4.1,3.8,9.4,0.0077083558654089
zuao og,BR,Challenger,1033,360,59.5,6.2,4.9,10.3,0.0076714417299417
sarolu,BR,Challenger,1025,369,51.9,5.9,4.8,7.8,0.0076643425967336
TH Krillin,EUW,Challenger,1225,121,56.0,7.4,4.8,8.8,0.0076628470849966
JhompysJr,LAN,Challenger,1005,428,53.0,6.6,5.0,8.4,0.0076087298338105
再见,EUW,Challenger,1011,409,55.5,7.1,4.6,7.4,0.0076023821840207
TETIS XDDDDD,BR,Challenger,1041,347,55.2,7.2,4.2,8.3,0.0075645514812922
exselor,LAS,Challenger,1104,252,55.1,6.3,4.7,7.7,0.0075621873257356
陪daiVX Ekko4567,JP,Challenger,1127,220,56.4,7.5,4.6,6.6,0.0075548410924232
Paresz14,EUNE,Challenger,1053,322,58.3,7.0,4.4,8.8,0.0075373689157989
BABO JUNGLE1,EUW,Challenger,1148,186,55.4,5.9,4.5,8.0,0.0075371010446658
loveIyx,EUW,GrandMaster,854,2684,56.9,8.1,5.5,7.0,0.0074023291291027
LOS CrjaY,BR,Challenger,1058,316,52.9,7.3,5.1,7.8,0.0073940682475426
但偏偏雨漸漸,TW,Challenger,1016,397,61.6,8.4,4.2,6.3,0.0073851454622168
Bo Fan,EUW,Challenger,996,469,55.1,6.2,5.3,8.9,0.0073548784583352
mxxxx,KR,Challenger,993,478,55.4,6.9,4.9,7.5,0.007340529488762
MartinSON,LAN,Challenger,1079,284,53.0,6.1,4.1,8.8,0.0073344601881932
King,BR,Challenger,1054,318,50.8,7.2,5.6,7.3,0.0072982958757949
AERO X BANE PAIN,EUNE,Challenger,1245,105,62.9,7.0,5.1,9.7,0.0072740831145779
NNJ Azrawr,PH,Challenger,1113,244,56.3,9.0,4.8,6.9,0.0072357669558791
피그말랑 효과,KR,Challenger,859,901,52.4,6.5,5.2,7.7,0.0072250198693958
STEPZ,LAN,Challenger,1410,38,56.2,9.7,6.4,7.0,0.0071864173160194
Ice Prince,RU,Challenger,1137,204,54.4,7.9,4.9,7.9,0.007110628093498
eilataN,KR,Challenger,1056,314,53.5,7.1,5.4,8.5,0.0071057374937224
Soweto,BR,Challenger,1004,436,52.8,8.3,5.5,8.0,0.0071030391309059
Promise to Dark,EUW,Challenger,964,541,55.8,6.5,3.9,6.6,0.0071026848961354
林小希,TW,Challenger,1230,117,59.8,5.9,4.2,7.6,0.0070921347292549
LEWANDOWSKI 9,BR,Challenger,1198,147,70.5,9.9,4.6,8.3,0.0070275287224601
oerwoud,BR,Challenger,1048,331,53.2,6.8,5.0,8.9,0.0070237597103405
Curling Captain,EUW,Challenger,929,632,54.1,5.7,4.4,7.5,0.0069963574160684
Gragolandia,BR,Challenger,1010,412,54.6,7.2,7.0,7.6,0.0069872107277555
FA Vinite,BR,Challenger,997,464,55.1,5.1,5.0,8.9,0.0069703052408621
PB Lord Semi,BR,Challenger,1085,275,52.9,4.7,3.8,10.1,0.006967056043718
Big Genos,BR,Challenger,978,501,58.2,7.1,4.7,9.2,0.0069320968289993
hwa i tings,KR,Challenger,1146,188,54.0,6.8,4.5,8.1,0.0069252286367099
갱스기무라,KR,Challenger,1046,337,57.7,5.9,4.0,8.3,0.0068629545895045
no more slacking,KR,Challenger,843,965,53.0,6.2,4.8,7.7,0.0068538591945468
주사는 무서워,KR,Challenger,902,753,54.4,6.5,4.1,8.1,0.0068345778764883
Astrax00,EUW,Challenger,864,887,52.9,5.1,5.7,10.3,0.0067977791647852
readysetgo1,EUW,Challenger,970,523,60.5,7.3,4.0,8.1,0.0067478376118452
Music101,EUW,Challenger,1071,293,65.4,7.3,3.8,8.6,0.0067371014728066
jgWorm,BR,Challenger,930,624,55.3,7.5,6.0,8.2,0.0067240606121662
Badlulu fan,EUW,Challenger,946,578,55.4,7.1,4.4,8.3,0.0067153972420582
kanaaa,EUW,Challenger,925,645,54.5,6.3,4.3,8.3,0.0067064252192561
BT1 Levi,BR,Challenger,1003,441,55.8,5.8,4.6,8.1,0.0066900697769416
Gutizin do corta,BR,GrandMaster,860,2679,53.6,7.5,6.5,7.5,0.006612425428958
Canon,PH,Challenger,911,721,53.1,4.0,4.7,10.8,0.0065959814606515
APOJHE,TR,Challenger,1114,241,61.1,8.5,4.6,9.1,0.0065906402197657
KANG HYUNJUN,JP,Challenger,995,470,52.7,6.2,5.2,7.4,0.0065901940312186
JUGKlNG1,EUNE,Challenger,929,630,54.1,7.6,4.9,6.5,0.0065900370822644
KIREAS1,EUW,Challenger,863,891,54.8,7.7,6.9,8.3,0.0065713458145221
IW Elramir,EUW,Challenger,894,778,51.8,4.9,5.7,8.9,0.0065590980713914
TwTvLeaningTable,LAN,Challenger,1197,148,68.5,7.4,3.9,10.1,0.0065432709714625
Kneking,LAS,Challenger,993,480,57.5,7.7,4.7,7.6,0.0065370735667307
Kosanuemi,BR,Challenger,924,656,54.5,6.8,5.2,8.5,0.0065078750413718
RhiIech,EUW,Challenger,909,730,52.8,7.8,5.6,8.0,0.0065064410496782
Xinxa7,BR,Challenger,972,518,60.0,7.7,4.4,6.7,0.0064767584054215
Cesaroxx,LAN,Challenger,989,486,58.1,7.0,3.4,9.3,0.0064539455900077
zikiinha,BR,Challenger,916,683,51.6,6.9,5.8,9.4,0.0064442799922249
MrGraek,RU,Challenger,1194,152,62.6,7.7,5.2,7.8,0.0063982951357488
Funny Youu,SG,Challenger,1166,173,59.8,8.2,5.1,6.3,0.0063900195196984
flash2468,SG,Challenger,938,606,54.3,7.1,4.9,8.1,0.0063611415838008
Michi Wo Yuke,KR,Challenger,870,862,54.7,6.7,4.3,7.4,0.0062993430456166
qweasdcxz,KR,Challenger,924,660,62.1,6.5,3.6,8.6,0.0062974995337882
qqxasssdd,OCE,Challenger,887,805,56.9,5.7,5.0,11.0,0.0062747362388111
gRIZZlybear123,EUW,Challenger,913,710,57.1,7.9,4.3,8.6,0.0062671918701739
Luccho,BR,Challenger,1171,165,52.8,5.9,5.9,9.2,0.0062372816067385
BrotherGaren,SG,Challenger,1021,383,64.1,8.8,4.6,7.6,0.0062290860244919
WillowTheRaccoon,EUW,Challenger,991,483,58.4,6.4,4.0,9.2,0.0062099387646361
Renascence,PH,Challenger,945,581,55.2,7.1,5.0,7.9,0.0062078380188947
Hanisito,LAN,Challenger,1004,438,59.1,9.6,5.2,6.3,0.0061885970304513
ICrazzy Ekko,LAS,Challenger,1005,433,56.3,7.8,5.0,6.2,0.0061582388912138
FORA999,EUW,Challenger,878,838,54.3,7.3,5.1,7.1,0.0061231921668
VIV Joinze,EUW,Challenger,873,856,55.0,6.6,4.3,7.6,0.0061111794367796
paiN anato,BR,Challenger,907,734,54.0,7.5,5.0,8.1,0.00609694299077
Leemo,EUW,Challenger,872,858,56.3,5.9,4.2,8.3,0.0060905500445814
Køldo Locuraa,EUW,Challenger,906,737,53.7,7.5,4.4,8.6,0.0060754882509758
教學 dc迎神6305,TW,Challenger,1316,72,62.9,7.7,4.1,7.5,0.0060644322102898
Eri my beloved,PH,Challenger,1610,12,61.6,7.2,4.4,8.1,0.0060514408597675
ITSJUSTAGAMEDUDE,BR,Challenger,909,729,58.5,7.9,5.1,6.9,0.0060425339828552
Not Hans,EUW,Challenger,854,921,54.9,6.2,5.1,9.1,0.0060255883862962
MANATY RANK 1,EUW,Challenger,847,947,52.7,6.2,4.4,8.4,0.006013306389871
모두 행복해요,KR,Challenger,924,652,55.2,6.1,4.2,8.3,0.0059904201503241
HLE Grizzly,KR,Challenger,801,1105,53.8,6.7,4.3,7.3,0.0059859673882628
giveupp,BR,Challenger,935,611,50.7,6.4,5.1,6.0,0.0059847717757634
redcrab84,EUW,Challenger,850,934,54.8,6.6,4.6,7.9,0.0059385829178306
Zelzeleniş,TR,Challenger,904,745,63.5,7.9,5.4,6.8,0.0059162838472815
BRO DDoiV,KR,Challenger,798,1120,52.2,4.8,5.1,8.3,0.0058932235357666
Mimage,EUW,Challenger,842,964,54.3,5.6,4.4,9.5,0.0058822822637318
陪袋V xinshenjug,JP,Challenger,972,517,61.0,7.1,5.1,7.9,0.0058687532578299
Menchennik,EUW,Challenger,846,949,54.5,5.4,5.1,10.7,0.0057546890833799
Ed Rebirth,LAN,Challenger,822,1027,53.6,4.2,3.9,12.0,0.005744519294312
Billy Butcher XD,BR,Challenger,1507,18,60.3,6.9,4.2,8.5,0.005738759450749
Billy Butcher XD,BR,Challenger,1507,18,60.3,8.0,5.9,7.8,0.005738759450749
Billy Butcher XD,EUW,GrandMaster,838,2725,53.8,6.9,4.2,8.5,0.005738759450749
Billy Butcher XD,EUW,GrandMaster,838,2725,53.8,8.0,5.9,7.8,0.005738759450749
Billy Butcher XD,EUW,GrandMaster,838,2725,53.8,6.9,4.2,8.5,0.0057291025704211
Billy Butcher XD,BR,Challenger,1507,18,60.3,8.0,5.9,7.8,0.0057291025704211
Billy Butcher XD,EUW,GrandMaster,838,2725,53.8,8.0,5.9,7.8,0.0057291025704211
Billy Butcher XD,BR,Challenger,1507,18,60.3,6.9,4.2,8.5,0.0057291025704211
Bow,LAN,Challenger,858,906,61.5,6.9,5.7,8.8,0.0057189328479473
WAP 5,BR,Challenger,1090,268,56.1,7.0,4.7,8.2,0.005700623398171
Multirole Talent,EUW,Challenger,1213,131,58.0,7.1,4.3,6.9,0.0056232847237303
EmbraceYourPain,TR,Challenger,851,932,59.6,9.9,4.9,7.4,0.0056151219363586
6K OnFleek,EUW,Challenger,1859,1,57.7,6.3,4.7,7.3,0.0056000477782679
WillNA1,EUW,Challenger,782,1176,51.1,6.6,3.6,7.6,0.0055842664842738
Sylvie,KR,Challenger,833,1004,55.6,6.3,4.0,7.1,0.005551468996104
UDYSOF,OCE,Challenger,845,953,55.5,5.7,4.3,10.1,0.0055204208771529
Оutsidеr,RU,Challenger,853,927,56.9,4.2,5.7,10.3,0.0054933286212567
Dani Marshall,LAN,Challenger,781,1180,51.7,6.5,5.6,5.7,0.0054416690757855
naiyoubaby,KR,Challenger,955,556,57.8,8.5,5.1,7.5,0.0053822217883139
KingClueless,EUW,GrandMaster,722,3067,53.3,6.4,4.8,8.8,0.0053458952189249
Chicag0Freestyle,BR,GrandMaster,785,2840,55.5,5.3,4.2,9.0,0.0053131528017406
twtchtv detdert,EUW,Challenger,821,1035,55.8,6.9,5.2,8.9,0.0053008891582459
Thaybot,EUW,Challenger,799,1109,52.9,5.5,4.3,8.2,0.0052860553939731
The 글로리,KR,Challenger,808,1086,65.3,6.0,3.4,9.6,0.0052654844340448
MorninStar,RU,Challenger,805,1091,56.4,5.1,4.8,9.8,0.0052294837539388
Ai Hayasaka,PH,Challenger,779,1188,55.6,6.1,5.3,10.2,0.0052127882011869
TaiYangShen,EUW,Challenger,765,1237,54.5,7.6,4.8,7.1,0.0051971822829597
Ozilardann,EUW,Challenger,900,763,64.9,7.7,4.8,8.6,0.0051965158471399
JUGKING,OCE,Challenger,783,1173,56.9,8.0,4.9,6.9,0.0051882601147949
我女友還沒16歲,TW,Challenger,1064,300,59.8,6.7,4.0,7.0,0.0051870487898507
lalms,LAS,Challenger,1181,156,53.4,6.1,5.1,8.4,0.0051731076511928
Josedeodo,EUW,Challenger,1104,253,57.2,7.5,3.5,7.6,0.0051729503205515
Gilius2,EUW,Challenger,865,886,54.5,5.7,4.2,7.7,0.0051707503660829
YNW MELLYY,EUW,Challenger,820,1039,58.1,6.0,5.0,7.9,0.0051535746210032
NattyNatt,EUW,Challenger,1044,338,52.7,7.4,5.3,4.8,0.0051518957551395
Trixter2,EUW,Challenger,809,1080,53.1,7.0,5.0,8.2,0.0051420339551689
eightQAQ,KR,Challenger,925,645,59.3,7.2,5.0,8.2,0.0051384384190452
AGC de sidere,EUW,GrandMaster,696,3212,54.0,5.5,5.2,8.1,0.005118481147234
Yuu13,EUW,Challenger,785,1166,53.3,7.2,4.1,7.2,0.0050761140328018
aesthetic addict,EUNE,Challenger,760,1272,54.2,5.3,4.6,9.9,0.0050707289870236
NNOne Piece,EUW,Challenger,1093,264,58.7,7.0,3.9,9.1,0.0050592022918064
Anechek dog,EUW,GrandMaster,683,3293,52.7,6.3,5.9,8.8,0.0050474385867188
Aniayua,TW,Challenger,859,901,64.0,6.5,3.1,6.5,0.0050396391822745
719,JP,Challenger,760,1270,52.0,7.7,4.4,7.3,0.0050320504916971
HamBak,KR,Challenger,780,1186,54.1,6.6,4.3,7.9,0.0050290301239641
Fanatiik,EUW,Challenger,798,1118,60.6,6.7,4.5,10.7,0.0050136220212279
EmbraceLife,EUW,Challenger,778,1191,60.4,6.8,5.5,7.8,0.0050045461419532
wx 1065620772,OCE,Challenger,802,1104,58.0,6.3,4.1,8.4,0.0050036846600485
SOLOQ IS GOOD,EUW,GrandMaster,824,2751,54.9,5.9,4.0,8.6,0.004992461777985
Glorias,EUW,Challenger,755,1292,54.1,5.3,4.8,8.9,0.0049825495435989
KOI Malrang1,EUW,Challenger,859,904,58.9,6.1,4.0,9.1,0.0049777781336817
Now,EUW,Challenger,760,1271,60.1,5.9,4.9,8.9,0.0049776950763384
AeryIsKawaii,EUW,Challenger,769,1222,64.1,7.4,5.0,8.7,0.0049592707943715
FUT Mojito,EUW,Challenger,813,1059,54.1,6.9,6.1,8.5,0.0049095934771023
dlwlrma fan,EUW,Challenger,756,1289,57.0,8.0,4.7,8.5,0.0048852581930335
ASTROBOY99,EUW,Challenger,1046,337,58.5,7.7,5.3,8.7,0.0048679846415277
LeaningTable TTV,EUW,Challenger,799,1110,59.3,5.5,4.3,10.7,0.0048679121880728
Miky boy,EUW,GrandMaster,674,3341,51.4,6.4,5.1,8.3,0.0048074702229706
L9 Myκys,EUNE,Challenger,741,1358,55.6,8.8,5.1,7.0,0.0047740587236124
Damngøre,LAS,Challenger,735,1376,53.3,6.8,5.1,7.8,0.0047675327773501
KeeI,EUW,Challenger,896,774,54.2,5.9,5.2,8.2,0.0047592450388844
Nightmisty,EUW,Challenger,761,1266,52.5,6.4,5.3,9.3,0.0047575691777965
Sarcasm1,EUW,Challenger,894,783,56.7,5.9,4.1,8.4,0.0047573090273469
Billy Butcher XD,BR,Challenger,1507,18,60.3,8.0,5.9,7.8,0.0047493056415902
Billy Butcher XD,EUW,GrandMaster,838,2725,53.8,6.9,4.2,8.5,0.0047493056415902
Billy Butcher XD,BR,Challenger,1507,18,60.3,6.9,4.2,8.5,0.0047493056415902
Billy Butcher XD,EUW,GrandMaster,838,2725,53.8,8.0,5.9,7.8,0.0047493056415902
BoomBOBAS,EUW,GrandMaster,704,3159,53.1,6.0,5.6,8.8,0.0047469660193423
Billy Butcher XD,BR,Challenger,1507,18,60.3,6.9,4.2,8.5,0.0047443222417964
Billy Butcher XD,BR,Challenger,1507,18,60.3,8.0,5.9,7.8,0.0047443222417964
Billy Butcher XD,EUW,GrandMaster,838,2725,53.8,8.0,5.9,7.8,0.0047443222417964
Billy Butcher XD,EUW,GrandMaster,838,2725,53.8,6.9,4.2,8.5,0.0047443222417964
The Speed Freak,EUNE,Challenger,717,1447,57.4,4.9,3.4,10.5,0.004723827925738
Happy Alexx,EUW,Challenger,875,849,53.3,5.2,4.2,8.4,0.0047124063633001
kisno,EUW,Challenger,978,502,52.4,6.6,4.6,7.0,0.0046660019696151
咩啊咩啊,TW,Challenger,773,1204,55.4,6.8,4.7,8.0,0.0046511643972805
Sybol,OCE,Challenger,764,1243,55.1,6.8,6.6,8.5,0.0046478951407687
Gragascı Baki,TR,Challenger,744,1354,58.6,7.4,6.2,9.0,0.0046404172384847
xxxxlululu,KR,Challenger,757,1288,56.1,6.0,4.2,8.1,0.0046387343777362
KuLLeR972,EUNE,Challenger,671,1636,55.8,5.1,4.2,10.8,0.004618202664338
cutexin1,KR,Challenger,736,1372,56.0,6.5,3.9,7.3,0.0046076431237101
구오일삼육칠구,KR,Challenger,667,1654,55.1,6.4,4.5,8.5,0.0046026553522694
마음을담아노래해,KR,Challenger,667,1652,53.8,5.1,5.1,9.9,0.0046005936604844
Tarryasepin,BR,Challenger,1047,334,59.7,6.1,4.4,9.0,0.0045837786911986
l1ttlefish,EUW,Challenger,717,1446,55.8,4.5,4.7,8.6,0.0045277101776561
Rashun楓,TW,Challenger,540,2325,55.0,3.8,4.5,10.2,0.0045084399473606
일산전영찬,KR,Challenger,677,1605,53.4,6.8,4.3,8.7,0.004504912105696
UnExpecteDGanGS,EUNE,Challenger,756,1289,67.4,7.4,3.2,8.5,0.0045012720678991
4 9 5,VN,Challenger,632,1839,57.7,8.1,4.9,7.1,0.0044965089301865
Pelé Camisa 10,BR,GrandMaster,852,2687,55.3,6.1,4.8,8.9,0.0044883471969859
어흥 놀랐찌,KR,Challenger,710,1478,54.2,5.6,4.8,8.3,0.0044758575885217
정재호정글유튜브,KR,Challenger,699,1527,53.0,6.2,4.2,7.4,0.0044732788225741
MOONLIGHT S0NATA,EUW,GrandMaster,699,3195,56.8,7.0,4.0,8.3,0.0044729185322784
10April,EUW,GrandMaster,723,3062,55.1,5.8,3.8,9.0,0.0044482302001791
Void Is So Empty,EUNE,Challenger,599,2053,57.1,4.8,4.2,12.7,0.0044396639785298
FEAR OF DEAD,TR,Challenger,602,2018,52.6,7.6,5.4,5.2,0.0044269537621523
IIiiiillllllIII,EUNE,Challenger,713,1458,62.6,6.4,4.3,9.5,0.0044219586307274
Mbappé2025,LAN,Challenger,720,1435,55.9,8.5,6.2,8.1,0.0044149667237477
Death Sigh,LAN,Challenger,604,2002,51.3,6.6,6.0,8.2,0.0044018919198718
HGM IBrunoide,LAN,Challenger,704,1510,58.2,6.7,4.8,9.9,0.0044016938112982
Wsavh,JP,Challenger,704,1511,52.5,7.8,5.0,7.2,0.0043960698915033
DWG 암Canyon,KR,Challenger,683,1578,53.0,4.6,5.4,9.7,0.0043946946017542
Katten,LAS,Challenger,762,1256,52.5,6.2,4.1,8.2,0.0043939903757868
Adequate,RU,Challenger,715,1450,54.3,5.9,4.8,9.6,0.0043899480136333
Qiiqiii,PH,Challenger,707,1496,57.5,8.2,5.4,8.1,0.0043826133101213
Sword Skill,LAN,Challenger,655,1706,52.5,7.9,5.0,5.9,0.0043824679868004
聖 經,TW,Challenger,651,1736,56.6,5.9,4.5,9.0,0.0043725590350842
Jayder,LAN,Challenger,659,1691,56.3,7.8,5.1,7.6,0.0043475154512644
ProsiA,VN,Challenger,570,2192,57.8,6.0,4.7,9.5,0.0043337448716998
NewtonNephimPuco,BR,GrandMaster,686,3268,61.5,7.4,4.3,9.1,0.0043333939009223
STP ME PARLE PAS,EUW,Challenger,835,992,61.8,7.3,4.4,8.7,0.0043258773996186
Hachi,LAS,Challenger,698,1535,54.2,6.9,5.1,5.9,0.0043167371768609
iLikeThickThighs,EUNE,Challenger,637,1811,54.2,6.9,4.3,7.8,0.004295523119961
게임하고 싶어04,KR,Challenger,676,1607,56.9,5.6,3.4,8.2,0.0042858989198043
BIG Rulfchen,EUW,GrandMaster,817,2763,56.2,6.6,5.4,9.3,0.0042821992948335
clones i gibones,EUNE,Challenger,591,2101,53.4,6.1,5.6,8.6,0.0042791397607353
C Crits,EUW,GrandMaster,670,3356,56.0,6.8,4.4,7.3,0.0042759152015575
void rüsh,LAS,Challenger,561,2234,52.4,6.8,6.2,8.7,0.0042758538153975
니가 깨기 전에,KR,Challenger,828,1013,57.5,6.3,4.0,7.8,0.0042737172483162
KeyNG,BR,Challenger,1063,301,64.0,8.1,6.1,7.8,0.0042724824554922
The Devil Withiñ,EUNE,Challenger,681,1592,61.5,8.3,3.9,6.2,0.0042700326171891
void rüsh,LAS,Challenger,561,2234,52.4,6.8,6.2,8.7,0.004265274445491
IllllIIIlllIIl,KR,Challenger,661,1682,53.8,5.5,4.8,7.6,0.0042365220550736
talon2,VN,Challenger,644,1767,56.6,5.6,5.1,9.1,0.0042074341188857
senzawa,JP,Challenger,668,1646,50.9,7.7,5.7,7.9,0.0042038927938624
恩於南歌0o,TW,Challenger,674,1619,58.6,6.0,4.7,7.7,0.0042003443878825
eIo terrorıst,LAN,Challenger,666,1662,52.1,6.0,4.7,9.4,0.0041967672985413
DilysQuang,VN,Challenger,519,2450,56.4,7.1,5.7,7.7,0.004195114397409
kitasanb,KR,Challenger,598,2056,54.0,6.5,4.2,7.8,0.0041804699964759
Ankhsëräm,LAN,Challenger,626,1881,57.0,6.4,3.7,7.1,0.0041704612458218
MΟGLIS,EUNE,Challenger,595,2076,55.0,8.6,6.5,9.0,0.0041572927288921
FromScz,LAS,Challenger,567,2210,54.9,6.6,5.3,8.2,0.0041490930613954
zacocaca ívar,LAS,Challenger,667,1653,53.3,7.1,5.4,9.7,0.0041483617154444
푸키키키키키,KR,Challenger,848,940,70.7,8.0,4.2,8.8,0.0041366113222112
RozmariLEG,RU,Challenger,654,1716,61.7,8.5,5.1,9.1,0.0041253149424126
溫言莞爾º,TW,Challenger,562,2230,58.5,7.6,5.7,9.3,0.0041243914574987
dantes enjoyer,EUNE,Challenger,617,1938,54.3,6.1,5.7,8.8,0.0041222475330138
eYa Cedeiix,EUW,GrandMaster,658,3426,59.4,7.2,5.5,8.7,0.004118854579111
Mauro Dinosauro,EUW,GrandMaster,856,2688,61.0,5.9,3.9,8.9,0.0041083547788878
112358132134558,PH,Challenger,826,1015,51.5,7.6,4.6,6.9,0.0040961736383707
juny gap,BR,GrandMaster,724,3053,56.8,7.9,3.4,7.9,0.0040906176346519
Neo ZeTHRIV,TR,Challenger,666,1664,62.7,9.8,6.7,8.1,0.0040901779487496
츄개잘해서미안해,KR,Challenger,657,1698,54.1,6.8,5.1,7.8,0.004088770755207
神奇的丸小丸,TW,Challenger,605,2002,55.3,6.7,4.9,7.3,0.0040783252464126
º X º,LAS,Challenger,654,1721,57.4,6.4,4.7,7.8,0.0040657659434881
bialy mbappé,EUNE,Challenger,630,1849,54.8,6.0,6.3,9.0,0.0040605698186568
yukino cat,EUW,GrandMaster,670,3355,51.8,7.3,6.0,8.6,0.0040538521259416
Naethancolch,RU,Challenger,647,1754,51.8,5.4,4.3,7.0,0.0040534205569892
Gwangdae,PH,Challenger,633,1836,56.1,8.1,4.8,8.0,0.0040459821193804
felisa,KR,Challenger,742,1353,64.3,7.9,4.0,8.1,0.0040381880130824
玩不了那就点,JP,Challenger,654,1721,54.5,8.0,5.5,6.8,0.0040313938259188
Brother Gwang,EUW,Challenger,944,587,63.1,6.7,4.8,9.5,0.0040255520580446
UANL Gio,LAN,Challenger,639,1810,58.7,5.2,3.5,9.3,0.0040205636067165
Saabaa,LAN,Challenger,648,1749,66.0,6.8,5.0,10.7,0.0040142704174498
Paradizzo,LAN,Challenger,640,1806,58.6,6.6,5.6,10.2,0.003998159378581
Ụt Ụt,VN,Challenger,618,1925,54.8,7.3,5.4,8.4,0.0039780942534688
愛と誠,JP,Challenger,631,1845,51.5,7.3,6.1,7.8,0.0039738259621744
等等吃鹹水雞,TW,Challenger,588,2110,59.4,6.8,3.6,8.4,0.0039673800533928
Maasta,LAS,Challenger,641,1790,50.9,7.2,4.5,6.9,0.0039669127547473
Krysia,EUW,GrandMaster,795,2824,53.5,6.6,4.9,8.5,0.0039668054015183
kenvi9,EUW,Challenger,824,1022,69.6,8.2,3.6,7.6,0.003964056573178
Fear,TH,Challenger,661,1681,59.4,10.3,4.0,6.6,0.0039594830993004
Microvolts TCL,LAN,Challenger,642,1786,66.4,6.3,4.7,8.3,0.0039548802286192
Ferrettt,EUW,GrandMaster,698,3205,52.6,6.9,5.5,7.9,0.0039470908566253
No one for u,LAN,Challenger,623,1909,52.4,6.5,5.8,8.8,0.0039305435573137
yбей мeня,RU,Challenger,629,1862,57.0,8.7,5.0,7.1,0.003924246099231
Zuao Unbroken,BR,GrandMaster,864,2670,54.0,6.0,4.8,9.1,0.0039216472396657
Jãger,SG,Challenger,635,1822,62.0,8.3,6.1,6.4,0.0039216463045121
Kaneki,JP,Challenger,598,2062,58.4,7.3,4.4,7.1,0.0039146183196994
fmr,PH,Challenger,537,2341,57.3,7.8,4.8,8.2,0.0039053336194529
T i c k k y,VN,Challenger,508,2537,55.0,5.5,4.6,8.5,0.0039023710076476
VK TacoImport,BR,GrandMaster,767,2894,70.2,10.6,4.9,7.6,0.0038815235447992
LEV Nikolaic,PH,Challenger,531,2378,58.0,8.2,5.4,7.1,0.0038644798784929
sensitive3,KR,Challenger,869,870,61.3,6.6,4.7,8.0,0.0038533526630254
1223334444,EUNE,Challenger,605,1998,58.2,6.3,4.8,9.7,0.0038493885792559
midna jg acc,EUW,GrandMaster,674,3343,55.3,6.2,4.2,9.2,0.0038469334068562
普通玩家,SG,Challenger,607,1988,54.8,7.0,6.2,7.2,0.003843936594196
英短金漸層我的貓,TW,Challenger,569,2199,55.0,4.9,4.1,8.0,0.0038434963615973
totally sane,PH,Challenger,567,2208,56.0,7.7,5.8,8.5,0.0038410933513088
Vevé,BR,GrandMaster,760,2914,54.1,8.9,5.1,7.5,0.0038410105279067
ShrimpVicious,KR,Challenger,645,1759,54.5,4.4,3.9,7.5,0.0038367131983072
Chaménos,TH,Challenger,624,1901,59.2,8.8,5.0,9.6,0.0038338076091082
dejfDawid1,EUW,GrandMaster,675,3331,54.7,5.9,4.7,8.6,0.0038254819134852
Run Higher,KR,Challenger,654,1716,56.1,5.9,3.8,8.4,0.0038245724215254
Izahn,LAS,Challenger,564,2221,55.4,6.2,4.4,6.8,0.0038225289974357
CWE Leonardo,EUW,GrandMaster,739,2983,57.5,7.2,4.7,9.1,0.0038173641674185
Aegis,BR,GrandMaster,861,2674,62.5,7.4,4.9,7.8,0.0038138294095263
6I Ni,TW,Challenger,598,2058,51.6,8.2,5.8,6.9,0.0038136373499064
Izahn,LAS,Challenger,564,2221,55.4,6.2,4.4,6.8,0.0038075631393924
Minh Inox,VN,Challenger,558,2246,55.3,7.6,5.7,8.1,0.0038073772684633
Fαllεn 1,EUW,GrandMaster,751,2943,54.4,4.8,4.1,9.5,0.0038027246160158
GET Zheas,BR,GrandMaster,757,2920,54.3,3.4,4.3,9.8,0.0038023043093337
雪花若離乃願折翼,TW,Challenger,534,2363,63.0,6.0,4.6,9.5,0.0038006068142184
すや姫,JP,Challenger,604,2007,55.5,6.0,4.0,7.7,0.0037983396839066
Sileñt Kîllèr,PH,Challenger,547,2278,54.3,5.8,5.6,8.7,0.0037945394339942
H O À N G T Â M1,VN,Challenger,517,2464,54.9,7.4,5.9,8.3,0.0037861000709146
KatieÇ,TW,Challenger,585,2125,51.9,5.7,4.9,8.8,0.003774045531834
DK Lucid,KR,Challenger,1217,126,55.8,6.9,5.1,6.8,0.0037454228411362
Billy Butcher XD,BR,Challenger,1507,18,60.3,8.0,5.9,7.8,0.0037421711959824
Billy Butcher XD,EUW,GrandMaster,838,2725,53.8,8.0,5.9,7.8,0.0037421711959824
Billy Butcher XD,BR,Challenger,1507,18,60.3,6.9,4.2,8.5,0.0037421711959824
Billy Butcher XD,EUW,GrandMaster,838,2725,53.8,6.9,4.2,8.5,0.0037421711959824
Billy Butcher XD,EUW,GrandMaster,838,2725,53.8,8.0,5.9,7.8,0.0037352511961688
Billy Butcher XD,BR,Challenger,1507,18,60.3,6.9,4.2,8.5,0.0037352511961688
Billy Butcher XD,BR,Challenger,1507,18,60.3,8.0,5.9,7.8,0.0037352511961688
Billy Butcher XD,EUW,GrandMaster,838,2725,53.8,6.9,4.2,8.5,0.0037352511961688
1Fresco,LAS,Challenger,586,2121,57.8,7.0,4.4,9.2,0.0037320491102798
Die4U,JP,Challenger,583,2134,56.8,6.0,5.1,9.0,0.0037254331249917
Karina167,KR,Challenger,774,1196,58.0,6.9,6.1,8.0,0.0037251924895939
CG V1perZ,VN,Challenger,503,2579,57.6,8.2,5.6,7.5,0.0037249068267915
dddddd,EUW,GrandMaster,694,3213,53.1,4.7,3.5,9.6,0.0037240336294084
Has God Complex,PH,Challenger,518,2459,60.4,11.2,6.0,6.7,0.0037193049743181
BRO Raptor,KR,GrandMaster,624,3696,54.0,7.0,4.8,8.0,0.0037172294401239
LER Norar,PH,Challenger,571,2187,53.1,7.5,6.3,6.8,0.0037161649271483
I forgiive u,BR,GrandMaster,824,2750,70.9,4.6,4.1,12.9,0.0037159577674003
she left 4 chad,PH,Challenger,588,2110,56.2,8.1,4.8,6.8,0.0037044320347362
LRK30,BR,GrandMaster,848,2696,52.4,7.5,5.9,7.9,0.0037032587520534
ワニノコ,JP,Challenger,576,2166,57.3,7.0,5.8,7.3,0.0036955547726449
ねすこ,JP,Challenger,575,2170,51.5,7.4,6.9,7.5,0.0036937723630769
RIV jgjzzjzjgjg,BR,GrandMaster,806,2799,54.6,7.6,4.5,7.4,0.0036866805326243
DaBox,EUW,Challenger,763,1248,54.3,7.1,4.9,10.1,0.0036855709650726
INTOXICATΕD,EUW,GrandMaster,771,2876,54.1,7.7,5.1,7.7,0.0036807839807079
UFRJungle,BR,GrandMaster,822,2755,54.4,6.1,5.7,10.1,0.0036706275149683
Son Davas,BR,GrandMaster,693,3245,53.0,8.1,6.3,8.1,0.0036693299484847
zyb,EUW,Challenger,1390,46,57.1,8.3,6.3,6.5,0.0036641513094095
스물다섯번째밤,KR,GrandMaster,696,3211,55.6,6.0,5.2,9.0,0.0036611997271302
SchuJerer Gustav,TR,Challenger,554,2260,55.0,5.2,5.3,10.4,0.0036606529306293
Jaelon Acklin,EUW,GrandMaster,629,3651,57.1,6.7,4.1,8.3,0.0036543768742
grixfy,BR,GrandMaster,835,2732,51.5,7.2,5.3,7.8,0.003651064670591
KKayn,SG,Challenger,560,2241,58.6,6.8,5.5,8.9,0.003646039305023
31051989,BR,GrandMaster,809,2782,52.7,6.4,5.1,8.8,0.0036380942489435
Isolde Fanbøy,EUW,GrandMaster,756,2923,61.6,8.2,6.5,7.8,0.0036365428572699
Zac Houdek,EUW,GrandMaster,858,2682,55.1,6.3,5.9,7.9,0.0036289103363845
Dajar the Legend,BR,GrandMaster,971,2631,53.3,7.4,6.2,7.1,0.0036261278581494
tkffuwnj,EUW,Challenger,907,734,59.7,7.6,5.9,7.5,0.0036239609002022
eXyu,EUW,GrandMaster,624,3701,52.0,6.8,5.2,7.8,0.0036194735491985
ismααα,EUW,GrandMaster,802,2812,55.3,6.9,4.0,9.5,0.003619387185055
IIlllIIlllII,VN,Challenger,519,2448,55.0,4.3,4.3,8.9,0.0036061839847772
職業玳打微ysrw66,TW,Challenger,1368,51,70.6,7.3,3.7,7.1,0.0035980545983316
PriqtnoZakruglen,EUW,GrandMaster,795,2826,54.7,6.2,4.4,7.2,0.0035953374547964
junghong1483369,EUW,GrandMaster,848,2701,52.7,5.0,4.4,8.9,0.0035942870847841
shovel phobia,BR,GrandMaster,636,3586,51.6,7.4,5.9,7.9,0.0035851960046944
梦幻公主,SG,Challenger,534,2358,50.3,7.6,4.7,6.6,0.0035847720962579
Sayın Bezmenlerr,TR,Challenger,524,2419,60.5,6.5,4.1,7.7,0.0035835457058396
Billy Butcher XD,BR,Challenger,1507,18,60.3,6.9,4.2,8.5,0.0035813520782607
Billy Butcher XD,EUW,GrandMaster,838,2725,53.8,6.9,4.2,8.5,0.0035813520782607
Billy Butcher XD,BR,Challenger,1507,18,60.3,8.0,5.9,7.8,0.0035813520782607
Billy Butcher XD,EUW,GrandMaster,838,2725,53.8,8.0,5.9,7.8,0.0035813520782607
Cast,EUW,GrandMaster,686,3265,53.5,7.1,5.2,8.0,0.0035793429983678
Billy Butcher XD,EUW,GrandMaster,838,2725,53.8,6.9,4.2,8.5,0.0035755285505844
Billy Butcher XD,BR,Challenger,1507,18,60.3,6.9,4.2,8.5,0.0035755285505844
Billy Butcher XD,BR,Challenger,1507,18,60.3,8.0,5.9,7.8,0.0035755285505844
Billy Butcher XD,EUW,GrandMaster,838,2725,53.8,8.0,5.9,7.8,0.0035755285505844
batıya gidiyom,TR,Challenger,524,2414,51.1,6.3,5.3,8.2,0.0035752892410842
Vajbyl,EUW,GrandMaster,622,3712,53.5,5.4,4.3,8.3,0.0035702676664653
앙 맛있엉,KR,Challenger,1303,80,60.2,6.0,4.3,8.4,0.0035696680245491
guren 01,BR,GrandMaster,752,2937,56.9,9.9,7.3,5.7,0.0035650794501567
H1ng,KR,Challenger,617,1936,52.6,6.3,4.8,7.8,0.0035610875227954
Aeolus,SG,Challenger,552,2267,60.2,5.8,4.7,10.2,0.0035606738876425
Íta,LAS,Challenger,730,1391,52.4,5.2,6.2,9.6,0.0035571578005351
Dizin,BR,GrandMaster,827,2738,51.8,7.7,3.8,7.3,0.0035564596377289
Meguru Bachirà,EUW,GrandMaster,665,3379,52.2,6.6,5.1,8.1,0.0035552855929814
Youtube Kouyx,BR,GrandMaster,826,2747,73.6,5.4,2.5,8.8,0.0035542017076866
PENYS CAMPOS,BR,GrandMaster,814,2782,52.9,7.3,5.4,6.9,0.0035420783342938
Basilekun,LAS,Challenger,559,2246,56.0,6.9,5.0,8.5,0.0035390954565812
Pipibaat Yarr,EUW,GrandMaster,832,2728,53.4,5.8,4.1,7.5,0.0035182409545533
ATC Sonechsko,PH,Challenger,520,2442,58.2,5.9,5.3,9.3,0.0035088639053614
HêrãclësG,LAS,Challenger,560,2236,53.8,5.9,3.4,7.3,0.0035012909009523
Negań Smith,EUW,Challenger,907,735,55.7,5.8,3.4,7.6,0.0035011816476913
野區上等馬,TW,Challenger,681,1587,57.9,7.1,4.2,8.1,0.0034979167098833
Gustαv Elijαh,EUW,GrandMaster,670,3347,51.3,7.8,4.6,7.9,0.0034973848516051
HêrãclësG,LAS,Challenger,560,2236,53.8,5.9,3.4,7.3,0.0034871783371052
Jan Hae,TR,Challenger,510,2522,52.1,8.3,6.1,7.7,0.0034860597145028
WâfféN,TR,Challenger,505,2571,52.0,5.7,5.4,9.8,0.0034794624939079
NekoL OwO,TH,Challenger,516,2478,54.0,7.9,4.2,7.7,0.0034784896213326
Marcht,BR,GrandMaster,791,2828,56.2,6.2,5.9,7.9,0.0034693824039908
Mattos cara,BR,GrandMaster,826,2746,51.1,7.3,6.2,7.7,0.0034597886384317
清冠123,TW,Challenger,540,2325,58.0,6.9,3.6,8.4,0.0034491990993671
UnFear,TH,Challenger,530,2384,54.0,8.9,6.6,6.0,0.003449179649901
RENGAR EATS BUTT,EUW,GrandMaster,629,3653,61.0,7.6,4.9,5.0,0.0034458583148045
666jg,BR,GrandMaster,836,2720,52.5,5.9,5.7,8.9,0.0034433071657323
An Nuo l,EUW,GrandMaster,709,3125,53.3,6.3,4.0,7.7,0.0034399193447904
SSQ Xaragonas,EUW,GrandMaster,801,2810,54.3,3.9,5.0,9.8,0.003428132846128
PLATEMIC,EUW,GrandMaster,729,3028,54.0,4.8,4.6,9.8,0.0034232997303931
WHERE AM I OMG,EUW,GrandMaster,623,3708,55.0,7.3,4.8,7.5,0.003420143055829
keep going guys,BR,GrandMaster,705,3156,55.3,6.1,4.3,7.2,0.003417528358264
TTV Bayork,EUW,GrandMaster,811,2777,52.1,5.6,7.1,9.5,0.0034165495663527
bun ngu,VN,Challenger,602,2021,54.7,7.4,5.2,7.0,0.0034055635464586
ExpressKill1043,TR,Challenger,539,2333,56.5,7.3,5.4,9.2,0.0034035621356217
ayor taken,BR,GrandMaster,647,3502,55.1,8.2,6.1,8.4,0.0033942520524533
joaomitoHU32,BR,GrandMaster,815,2779,51.0,6.3,4.7,10.0,0.0033885506062157
Minerva,BR,GrandMaster,757,2919,51.1,5.5,5.6,9.0,0.0033819564076284
Boom2G,LAS,Challenger,934,620,56.8,7.7,4.5,7.0,0.0033814935831811
SIayer Supreme,EUW,GrandMaster,700,3185,53.5,6.1,5.4,8.1,0.0033814343083469
WX Rika19981209,EUW,GrandMaster,700,3186,56.2,5.1,5.3,10.5,0.003380742678596
Helboy77,EUW,GrandMaster,643,3532,54.4,7.7,5.6,7.8,0.0033791875993115
年近立年老打野,TW,Challenger,572,2186,62.7,4.5,4.8,7.8,0.0033709936990617
where is shee,EUW,Challenger,842,964,56.2,7.2,5.9,6.7,0.0033680850115095
em gái khó tính,VN,Challenger,504,2573,59.1,7.2,5.8,8.1,0.0033523039285497
Carrarine,BR,GrandMaster,636,3600,52.4,6.7,4.5,7.9,0.0033483507162389
Carrarine,BR,GrandMaster,636,3600,52.4,6.7,4.5,7.9,0.0033332850362896
不滅巔峰,TW,Challenger,762,1251,54.9,5.0,4.2,8.7,0.0033286044501831
Johan Amor,LAN,GrandMaster,621,3720,53.2,5.9,4.6,8.5,0.0033114106856311
IZG Nukan,BR,GrandMaster,714,3104,50.6,6.6,5.1,8.6,0.0032956355001728
IZG Nukan,BR,GrandMaster,714,3104,50.6,6.6,5.1,8.6,0.0032944126807979
its JąY Løve Kąt,EUW,GrandMaster,690,3244,51.3,5.8,4.4,10.5,0.0032844418719385
jg gap 15open,VN,Challenger,798,1119,56.1,7.8,5.6,7.9,0.0032808590774851
jukes fan,BR,Challenger,881,823,54.7,6.7,5.8,7.2,0.0032774751514129
Happy Game 0923,KR,Challenger,654,1717,60.1,8.6,5.2,8.1,0.0032768236375272
lI Leba Il,BR,GrandMaster,707,3139,51.3,9.2,5.5,6.1,0.0032703470973006
Tao Zi Nai Xi,EUW,GrandMaster,628,3655,56.3,7.3,4.7,6.8,0.0032678740713628
hom1e,EUW,GrandMaster,718,3080,52.3,5.8,4.7,7.5,0.0032649822068355
FXRANDAL,BR,GrandMaster,760,2910,51.0,7.2,6.4,8.0,0.0032584458900933
Script I feed,PH,Challenger,516,2479,55.3,6.6,5.5,9.0,0.0032556207839935
XIAOLONG PUMITA,BR,GrandMaster,967,2632,57.7,11.0,5.8,6.9,0.0032538709359501
MUSKETOON,EUW,GrandMaster,768,2890,57.2,6.0,3.9,7.9,0.0032535957033815
GTCJR,BR,GrandMaster,745,2956,53.8,4.9,5.6,8.5,0.0032474528667147
마음이 피곤하다,KR,Challenger,686,1566,52.4,6.8,5.1,6.3,0.0032414120003929
반오십의 희망,KR,GrandMaster,609,3849,52.3,6.6,4.9,7.9,0.0032310812154928
Izateylon,EUW,GrandMaster,673,3346,51.3,6.5,4.7,7.6,0.0032291855366732
Myrtle,PH,Challenger,504,2571,58.8,8.2,4.7,7.4,0.003215670177454
Father,EUW,GrandMaster,652,3478,58.2,6.3,5.5,8.5,0.0032102775944833
hong Zhong,KR,GrandMaster,692,3246,51.5,6.0,5.1,7.8,0.0032074176196058
Lost,PH,Challenger,515,2484,50.5,6.7,4.7,6.5,0.0032072286025211
Nye1,VN,Challenger,510,2525,54.0,7.0,5.9,8.2,0.0031998919758494
Gryffinn1,EUW,GrandMaster,672,3350,53.5,6.6,4.8,7.5,0.0031990977111524
Akira the Wild,BR,GrandMaster,704,3157,55.5,6.2,4.9,8.7,0.0031949098585291
Last summer,OCE,GrandMaster,706,3150,56.3,6.3,4.8,7.9,0.003166291977669
dard,EUW,GrandMaster,684,3284,51.3,5.0,4.1,8.9,0.0031638637073168
Izateylon,EUW,GrandMaster,673,3346,51.3,6.5,4.7,7.6,0.0031553797634202
keainvren1,KR,GrandMaster,603,3903,53.5,6.1,4.7,6.9,0.0031415912867342
cena,KR,GrandMaster,649,3491,53.1,6.0,4.5,7.8,0.0031299139233785
AdeZyZ,EUNE,GrandMaster,617,3768,59.3,5.6,5.4,13.0,0.0031294901098491
ok i care,EUW,GrandMaster,696,3207,52.0,6.4,5.2,7.4,0.0031261345475579
LookLikeGod,TR,Challenger,542,2312,63.9,6.7,4.1,9.0,0.0031002575762572
寒塘冷月,TW,Challenger,711,1473,56.7,5.8,4.5,8.8,0.003095074410129
SevenArmy,EUW,GrandMaster,705,3152,52.2,6.3,4.9,8.1,0.0030864529374902
PRlDE,EUNE,Challenger,632,1839,58.5,6.9,4.9,7.9,0.003076004679844
Cato Uticensis,EUW,GrandMaster,651,3494,54.0,4.8,3.4,9.2,0.0030638144224316
Empanadïta,LAN,GrandMaster,599,3964,53.0,7.8,5.4,7.8,0.0030166837010171
Dongus Maximus69,EUW,GrandMaster,632,3627,56.5,3.8,5.0,12.0,0.0030012836800596
Ziix Garguentua,EUW,GrandMaster,615,3785,55.1,6.2,4.8,9.0,0.0029618677024567
lDemexl,EUW,GrandMaster,667,3365,52.4,7.5,4.7,6.5,0.0029494752652307
EMlNATR1X,LAS,Challenger,762,1252,51.3,8.5,6.3,6.8,0.0029341345838689
Turban,OCE,GrandMaster,653,3471,55.7,7.0,4.5,8.1,0.002931424964101
Tian Xia Gui Xin,EUW,GrandMaster,638,3569,53.5,6.7,4.7,6.7,0.0029136657624711
barbiecacheada02,BR,GrandMaster,592,4039,54.8,5.6,5.4,9.7,0.0029098475319272
barbiecacheada02,BR,GrandMaster,592,4039,54.8,5.6,5.4,9.7,0.0029067165129174
Agiłity,EUNE,Challenger,599,2055,57.0,8.0,3.6,7.9,0.0028979314523607
Smile is on face,OCE,GrandMaster,641,3549,52.6,7.9,5.0,7.3,0.0028828767063609
토끼예나 예쁘다,KR,GrandMaster,601,3934,55.4,4.8,4.3,8.3,0.0028733633004563
Doaenel 1 Dantes,EUW,GrandMaster,632,3623,52.5,6.6,5.6,7.9,0.0028729398226528
jay mata gay,BR,GrandMaster,654,3460,52.5,8.5,4.5,6.6,0.0028698387565656
CAVALÃO DO AMASS,BR,GrandMaster,591,4040,50.4,9.5,4.2,6.4,0.0028692831881526
CAVALÃO DO AMASS,BR,GrandMaster,591,4040,50.4,9.5,4.2,6.4,0.002859729339436
staring at stars,BR,GrandMaster,688,3254,53.7,8.9,5.1,6.4,0.0028527208301627
Whynot,OCE,GrandMaster,627,3659,51.1,7.3,5.9,7.9,0.0028516563386567
Her Kîng,LAN,GrandMaster,625,3688,67.7,8.0,3.5,7.5,0.002838709004478
Lucasjack89,EUW,GrandMaster,628,3657,51.5,6.4,4.7,7.7,0.0028278720427052
SASIOVERLXRDD,EUW,GrandMaster,619,3737,53.0,8.1,4.8,6.5,0.0028103563343518
bëebëe,EUW,GrandMaster,603,3908,56.6,5.7,5.2,9.8,0.0028088827544842
NukerFTW,EUW,GrandMaster,645,3522,56.4,9.7,5.9,6.5,0.0028040952063988
care bad girl,BR,GrandMaster,654,3462,53.7,8.1,5.9,6.9,0.0027973702382165
Vocho ssj,BR,GrandMaster,617,3763,52.1,5.7,5.9,9.7,0.0027753063542401
tarzan good kid,BR,GrandMaster,578,4182,57.0,8.0,4.8,7.5,0.0027688588192574
H0NE,LAN,Challenger,1053,320,52.2,8.7,5.5,6.8,0.0027667349102
tarzan good kid,BR,GrandMaster,578,4182,57.0,8.0,4.8,7.5,0.0027655576269364
gggman,KR,Challenger,755,1291,53.0,4.6,3.6,10.2,0.0027594203259132
wenwinwenwinwenw,EUW,GrandMaster,590,4058,51.6,5.5,4.3,7.8,0.0027352826508621
oKyler1,EUW,GrandMaster,578,4179,58.2,6.1,4.2,9.3,0.0027340022793142
oKyler1,EUW,GrandMaster,578,4179,58.2,6.1,4.2,9.3,0.0027309784521415
shiB,VN,Challenger,508,2536,55.1,7.4,4.8,7.2,0.0027271597749305
Arrti,LAN,GrandMaster,646,3510,51.8,5.9,5.6,9.6,0.0027186596644806
R0CK Gucio,EUW,Challenger,852,929,61.4,6.1,4.7,10.0,0.002717005897525
시드마이어의문명,KR,Challenger,698,1533,58.9,6.0,4.6,8.8,0.0027122813851305
snøwƒall,EUW,GrandMaster,601,3928,51.0,8.0,6.0,7.8,0.0027085999667753
YSTM,BR,GrandMaster,728,3035,53.2,6.1,5.3,8.7,0.0026834071077857
Epilogue for you,KR,GrandMaster,612,3807,50.7,6.0,4.7,7.4,0.0026678042410515
Alexxanderkyling,EUW,GrandMaster,636,3589,56.8,6.3,3.9,9.2,0.0026639291879778
유렉이,KR,GrandMaster,588,4078,57.1,3.8,3.8,10.6,0.0026556546691841
GoldFish999,EUW,GrandMaster,610,3823,51.2,5.7,4.9,8.8,0.0026362485884477
Tsar Simeon I,EUNE,GrandMaster,603,3920,55.4,5.8,4.6,8.7,0.0026343726520336
Imgoingbackto505,EUW,GrandMaster,596,3994,53.6,6.9,5.7,7.4,0.0026285001717882
fjlnxm,JP,GrandMaster,602,3924,55.7,7.9,5.2,6.3,0.002602371244171
smile on face,EUW,GrandMaster,674,3340,53.6,7.3,4.3,9.6,0.0026021674118493
祭改你公,TW,Challenger,583,2134,54.7,5.0,4.9,10.2,0.0025883822195184
Hyper,EUW,GrandMaster,641,3548,52.3,8.3,5.9,7.7,0.0025765355266425
she a bit loco,EUW,GrandMaster,657,3436,53.6,6.4,5.3,8.9,0.0025722447967923
Love Jax,EUW,GrandMaster,585,4104,52.6,4.2,3.8,9.4,0.0025618004244394
Love Jax,EUW,GrandMaster,585,4104,52.6,4.2,3.8,9.4,0.002561385991198
VITB Skeanz,EUW,GrandMaster,616,3770,65.9,7.7,3.7,7.0,0.0025524971929012
pazpeaceful2,BR,GrandMaster,920,2639,52.7,8.2,6.0,7.4,0.0025451791355796
love gatitos,BR,GrandMaster,642,3540,51.9,7.1,5.0,7.2,0.0025415531234509
준밧드쳐패는놈,KR,GrandMaster,586,4096,51.6,5.8,4.2,7.5,0.0025328276091163
Maxxxxxxxx,EUW,GrandMaster,590,4057,51.0,8.3,4.9,6.2,0.0025078665404326
LF GirIfriend,EUNE,GrandMaster,586,4096,58.4,6.5,6.1,10.1,0.0025076681771582
LF GirIfriend,EUNE,GrandMaster,586,4096,58.4,6.5,6.1,10.1,0.0025050925612655
Pray u,KR,GrandMaster,555,4402,54.6,4.5,5.2,9.7,0.0024892136533945
Pray u,KR,GrandMaster,555,4402,54.6,4.5,5.2,9.7,0.002488995718793
고마해라마이묻따,KR,GrandMaster,585,4104,53.2,6.4,4.4,7.3,0.002479482164889
Irode,EUW,Challenger,846,950,58.4,6.0,4.6,7.6,0.0024683367977258
nightblue3,EUW,GrandMaster,580,4145,53.1,6.4,5.9,8.4,0.0024666032871122
Iuckgame9,KR,GrandMaster,555,4401,52.5,6.9,5.0,7.3,0.0024394827082722
lllllllllllllllp,EUW,GrandMaster,759,2916,53.9,6.2,4.9,6.3,0.0024348194089271
NB MaxouTigrou,EUW,GrandMaster,684,3294,53.4,6.1,4.7,7.4,0.0024289820772239
Novita,JP,GrandMaster,570,4263,55.6,6.7,6.2,6.6,0.0024213082171636
Šanti,LAN,GrandMaster,575,4207,56.3,6.9,5.4,7.9,0.0024115456975228
Šanti,LAN,GrandMaster,575,4207,56.3,6.9,5.4,7.9,0.0024111214083369
visão,BR,GrandMaster,576,4186,50.6,6.1,5.9,9.4,0.0023958556038441
HKR Ritaken,BR,GrandMaster,645,3518,50.0,6.9,5.8,8.0,0.0023938816256146
visão,BR,GrandMaster,576,4186,50.6,6.1,5.9,9.4,0.0023924293570021
DiDï,BR,GrandMaster,566,4289,56.3,5.7,5.1,9.1,0.0023863335160156
only rat 1v9,LAN,GrandMaster,555,4415,53.5,7.0,5.5,6.4,0.0023846602215566
only rat 1v9,LAN,GrandMaster,555,4415,53.5,7.0,5.5,6.4,0.0023816059039671
Agoniº,TW,Challenger,669,1644,55.2,6.7,4.7,7.1,0.0023663316892454
Yuki,EUW,GrandMaster,553,4434,64.3,6.4,3.8,9.5,0.0023580726940159
Yuki,EUW,GrandMaster,553,4434,64.3,6.4,3.8,9.5,0.0023574079585091
Scrappy,LAS,Challenger,588,2106,51.1,7.1,5.2,6.5,0.0023551484123838
already enough,EUNE,GrandMaster,565,4296,81.1,15.8,4.6,5.5,0.0023440364727813
Sorien,LAS,Challenger,656,1708,58.8,6.2,5.4,8.4,0.0023438810648051
already enough,EUNE,GrandMaster,565,4296,81.1,15.8,4.6,5.5,0.0023437925457857
all dog,EUW,Challenger,885,814,62.7,9.1,5.2,6.0,0.0023398979558599
FATEOFDEATHXXXXX,EUW,GrandMaster,686,3267,58.0,6.5,4.8,9.0,0.0023384066891665
hwb7,EUW,GrandMaster,533,4654,58.6,6.9,4.7,7.6,0.0023258125070444
Disco Goguś,EUNE,Challenger,605,1999,55.1,3.6,5.5,11.6,0.0023230809573914
qvttzxcc,KR,GrandMaster,549,4466,54.4,6.1,5.4,7.9,0.00230601240103
qvttzxcc,KR,GrandMaster,549,4466,54.4,6.1,5.4,7.9,0.0023059563108436
16yo haha,LAS,GrandMaster,551,4457,62.5,6.8,4.6,7.8,0.0023010031670257
16yo haha,LAS,GrandMaster,551,4457,62.5,6.8,4.6,7.8,0.0023002559252055
MandenMedSkovlen,EUW,GrandMaster,601,3944,61.1,6.9,3.5,8.5,0.0022963485888645
Canelo Alvarez,LAN,GrandMaster,552,4444,51.7,6.8,4.1,7.4,0.0022963188096089
Canelo Alvarez,LAN,GrandMaster,552,4444,51.7,6.8,4.1,7.4,0.0022960105203489
erevin,LAS,Challenger,838,982,53.8,8.5,5.6,8.1,0.0022936883338391
οlaf,JP,GrandMaster,557,4376,53.6,6.3,5.0,8.7,0.0022896701772708
οlaf,JP,GrandMaster,557,4376,53.6,6.3,5.0,8.7,0.0022896021117946
quitrainbow6,EUW,GrandMaster,615,3787,54.7,4.6,3.7,8.5,0.0022844845215966
FαkeTaxi,EUW,GrandMaster,616,3774,54.4,7.5,4.6,8.6,0.0022699868718205
Wynncraftian,EUW,GrandMaster,529,4676,52.6,7.4,4.6,7.6,0.0022655511381067
Amongusíta,LAN,GrandMaster,553,4435,55.2,5.9,4.5,7.6,0.0022577497111043
Amongusíta,LAN,GrandMaster,553,4435,55.2,5.9,4.5,7.6,0.0022576989492435
Pentaless,EUW,Challenger,1129,216,52.6,3.4,4.1,10.5,0.0022489635745613
講話會分心,TW,Challenger,534,2361,55.6,8.8,5.0,8.1,0.0022458971122781
foreigner,OCE,GrandMaster,548,4480,57.5,5.4,4.4,9.9,0.0022430086005712
foreigner,OCE,GrandMaster,548,4480,57.5,5.4,4.4,9.9,0.0022428761762117
REALG4LlFE,LAS,GrandMaster,531,4665,61.3,7.5,4.5,7.0,0.0022415321495841
DarkTranquillity,LAN,GrandMaster,543,4533,50.5,4.9,4.3,10.0,0.0022360769645979
mliw,KR,GrandMaster,517,4806,54.8,6.9,4.5,7.9,0.002231421056554
mliw,KR,GrandMaster,517,4806,54.8,6.9,4.5,7.9,0.0022311163065602
REALG4LlFE,LAS,GrandMaster,531,4665,61.3,7.5,4.5,7.0,0.0022292590945336
我不爛了,TW,Challenger,666,1665,61.5,7.6,5.2,8.1,0.0022279204459011
zuizuizui,KR,GrandMaster,538,4581,53.9,6.5,5.5,8.2,0.0022201952750009
im risk,EUW,GrandMaster,604,3891,51.4,8.0,6.2,7.6,0.0022114120687668
EL ÅLGUACIL,LAS,GrandMaster,543,4528,50.3,6.0,5.4,7.1,0.0022107134392341
BERTINAT0,BR,GrandMaster,575,4205,51.2,6.1,5.3,8.8,0.0022081687799315
PokéMart,EUW,GrandMaster,679,3308,56.4,6.9,4.5,8.5,0.0022077316401721
im risk,EUW,GrandMaster,604,3891,51.4,8.0,6.2,7.6,0.0022066465678121
BERTINAT0,BR,GrandMaster,575,4205,51.2,6.1,5.3,8.8,0.0022021003372581
哆垃貢,TW,Challenger,613,1950,57.3,6.2,4.9,7.4,0.0021944919898089
UANL Píngus,LAN,GrandMaster,543,4530,55.2,6.5,5.2,8.2,0.0021881790409231
i never glve up,EUW,GrandMaster,536,4611,51.4,7.7,5.6,7.7,0.0021874889359039
UANL Píngus,LAN,GrandMaster,543,4530,55.2,6.5,5.2,8.2,0.0021872873689808
DOLOR ZEN MENTAL,EUNE,GrandMaster,534,4637,55.7,6.1,3.8,8.0,0.0021754970293528
RinaHamu,JP,GrandMaster,545,4493,52.8,7.6,5.4,7.1,0.0021499690749827
RinaHamu,JP,GrandMaster,545,4493,52.8,7.6,5.4,7.1,0.0021493630208622
Ðegurechaff,PH,Challenger,533,2366,54.1,6.2,5.4,9.2,0.0021479825874982
Shysaßßòüó,TW,GrandMaster,526,4711,53.4,4.6,3.3,9.6,0.0021415759952859
Shysaßßòüó,TW,GrandMaster,526,4711,53.4,4.6,3.3,9.6,0.0021404814897808
allow317,RU,GrandMaster,535,4627,54.3,7.9,7.2,7.9,0.0021356648602874
Love Aurora,EUW,GrandMaster,533,4641,50.9,7.4,5.1,7.3,0.002135483889782
LORASOTGAY69,LAN,Challenger,628,1868,54.1,6.3,5.1,9.2,0.0021348586245707
Juhan,KR,Challenger,1181,157,60.1,6.5,5.0,9.0,0.0021274186636106
INT Nord,EUW,GrandMaster,704,3160,55.2,3.9,3.6,9.7,0.0021112114941306
Wonszunio,EUNE,GrandMaster,574,4226,57.4,8.2,6.7,7.9,0.0021032303266081
Charolon,LAN,Challenger,772,1206,54.3,5.4,5.3,9.0,0.002102074295099
궁댕히,KR,GrandMaster,507,4942,53.6,6.9,4.1,6.7,0.0020905005313438
Dragonjindi,EUW,GrandMaster,509,4906,51.8,6.1,5.2,9.3,0.0020890832607017
timeforsleep,OCE,GrandMaster,522,4751,50.6,6.8,5.8,8.2,0.0020768835574346
blueblue,LAS,Challenger,597,2064,51.3,8.2,5.3,7.5,0.0020562685637153
YummiBananas,EUW,GrandMaster,516,4819,53.3,6.2,5.0,9.0,0.0020559391662257
YummiBananas,EUW,GrandMaster,516,4819,53.3,6.2,5.0,9.0,0.002055142000721
Techoteco v9,EUW,Challenger,867,876,56.1,6.0,5.2,8.8,0.0020155650090047
星海ゆかこ,JP,GrandMaster,508,4926,51.3,6.5,4.5,8.1,0.002009910550579
kaka qvq,EUW,GrandMaster,546,4493,53.2,4.9,5.1,9.2,0.0020017984945977
枕邊聽心,TW,GrandMaster,507,4947,66.7,7.7,4.1,7.3,0.0019978136080445
kaka qvq,EUW,GrandMaster,546,4493,53.2,4.9,5.1,9.2,0.0019974658943233
im 16 years old,OCE,Challenger,833,999,65.0,8.4,4.3,7.7,0.0019924521930834
Taxer,EUW,GrandMaster,587,4087,57.4,4.5,4.1,10.0,0.0019894508239895
Taxer,EUW,GrandMaster,587,4087,57.4,4.5,4.1,10.0,0.0019705633719952
deadmire,EUW,GrandMaster,505,4966,59.5,6.4,6.3,7.9,0.0019525211516718
deadmire,EUW,GrandMaster,505,4966,59.5,6.4,6.3,7.9,0.0019520297310895
Çhích ßôÑg,VN,Challenger,554,2262,57.0,6.7,5.0,9.2,0.0019452558280671
da go lapa6,EUW,Challenger,871,864,58.9,7.0,4.5,7.7,0.001940868004682
XXBD1,KR,GrandMaster,491,5131,51.5,6.3,3.8,7.1,0.0019298303232052
타 잔,KR,Challenger,938,608,57.2,6.3,4.9,9.0,0.0019182713323305
Permaban07845219,SG,Challenger,569,2196,54.7,8.3,6.8,7.3,0.00191660227294
NO MORE HARAM,EUW,GrandMaster,731,3019,52.1,7.4,5.3,7.0,0.0019100964617554
Zezas,BR,GrandMaster,870,2663,51.8,8.7,4.9,7.1,0.0019088049468591
Agurin,EUW,Challenger,1742,4,57.6,6.4,4.6,8.5,0.0019005422984433
NS Sounda,KR,GrandMaster,520,4777,60.3,6.4,4.7,8.2,0.0018953018107096
NS Sounda,KR,GrandMaster,520,4777,60.3,6.4,4.7,8.2,0.0018935014950507
Timon,EUW,Challenger,953,562,53.7,6.6,6.2,7.7,0.0018929689245037
kidbuuprovip,VN,Challenger,624,1897,55.4,7.0,6.4,7.8,0.001884972940582
NYN,KR,GrandMaster,618,3746,57.0,5.1,4.4,8.5,0.0018699334942776
NYN,KR,GrandMaster,618,3746,57.0,5.1,4.4,8.5,0.001868779728963
EIoHigh Nocturne,BR,GrandMaster,843,2708,52.3,9.3,4.6,5.8,0.0018579638412608
GZeus,EUNE,Challenger,751,1309,54.3,8.3,5.8,9.0,0.0018467864267
SyluhZZZ,LAN,GrandMaster,619,3740,57.6,6.6,5.3,8.3,0.0018229005991448
jorskiiii,EUNE,GrandMaster,534,4644,61.3,7.6,5.1,8.6,0.0017982943797045
Shoujae,LAS,Challenger,586,2118,52.1,6.4,4.5,7.4,0.0017848274953065
Kerri,LAN,GrandMaster,582,4130,52.4,7.0,5.2,6.1,0.0017805732641233
Remax201,LAS,Challenger,749,1324,55.7,4.7,4.6,9.6,0.0017724989946337
조이마더,KR,GrandMaster,570,4259,56.3,5.8,4.2,7.7,0.0017674027879759
조이마더,KR,GrandMaster,570,4259,56.3,5.8,4.2,7.7,0.0017673487850002
ADC IS FRONTLINE,EUW,GrandMaster,647,3512,56.8,6.5,4.7,8.7,0.0017230340146916
KC Skeanz,EUW,GrandMaster,749,2945,52.8,6.5,4.4,8.5,0.0017100907546391
Albetrayber,EUW,Challenger,1217,128,64.9,7.0,4.0,7.8,0.0017048320056364
LOLPROLEGITPLAYE,EUW,GrandMaster,539,4577,49.8,8.0,5.5,6.7,0.0016742600250891
LOLPROLEGITPLAYE,EUW,GrandMaster,539,4577,49.8,8.0,5.5,6.7,0.0016687636530105
maimai0v0,EUW,Challenger,765,1240,61.0,6.1,4.0,6.8,0.0016180742669081
babi fanboy,EUW,GrandMaster,605,3886,57.1,4.9,5.7,10.6,0.0016102808674664
똥 방귀 뿡뿡,KR,Challenger,618,1939,53.2,6.6,4.6,8.6,0.0016074099667532
TwTv Crawlxzz,LAN,Challenger,710,1480,57.0,9.8,5.5,7.3,0.0015716488009385
24 ËKÎM 2015,TR,Challenger,746,1335,55.4,7.3,5.9,8.4,0.0015454986416055
TheEliteJohn,EUW,GrandMaster,630,3642,53.5,7.6,7.4,7.4,0.0014971182556394
XiaoHuaSheng7,KR,GrandMaster,561,4333,55.0,5.0,4.5,7.9,0.001493523783911
Pochitx,LAS,Challenger,651,1732,52.7,6.2,4.5,8.7,0.0014844918423415
ehfs,EUW,GrandMaster,508,4934,52.5,5.5,3.8,7.7,0.0014769031016027
heâven,LAS,Challenger,593,2089,62.7,8.3,4.7,6.2,0.0014377336119898
Mathý,LAS,Challenger,620,1918,51.3,5.5,4.2,7.4,0.0014235960480007
MitelJgKing,EUNE,GrandMaster,516,4817,53.4,7.6,5.2,8.1,0.0014174341814212
MitelJgKing,EUNE,GrandMaster,516,4817,53.4,7.6,5.2,8.1,0.0014130257084482
Yuxiayizhengwan,EUW,Challenger,767,1230,52.6,7.8,5.0,6.5,0.0014052665096604
21kid,EUW,GrandMaster,679,3317,56.6,6.0,4.8,8.1,0.0013863039031218
Riverrrrrrrrrrrr,EUW,GrandMaster,592,4038,54.4,6.9,5.4,6.5,0.0013747896664483
LOL x Khen1,VN,Challenger,511,2515,59.1,8.3,6.5,8.5,0.0013604848621591
Nunu Main,EUW,GrandMaster,579,4167,53.9,3.0,4.4,11.0,0.0013534172704789
Nunu Main,EUW,GrandMaster,579,4167,53.9,3.0,4.4,11.0,0.0013495735893676
a lot 3rd verse,BR,Challenger,1041,346,52.9,6.5,5.2,8.7,0.0012968057440448
Zorian,EUW,GrandMaster,715,3096,56.5,4.9,3.6,9.4,0.0012441932980219
HLE Key1,KR,Challenger,743,1353,54.0,6.5,4.1,7.7,0.0012265490856616
Kurau,PH,Challenger,512,2514,59.0,4.4,5.8,11.1,0.0012226913174369
PËLUKÏNG GÄP,LAN,GrandMaster,544,4522,58.6,6.7,5.4,12.0,0.0011496239271173
PËLUKÏNG GÄP,LAN,GrandMaster,544,4522,58.6,6.7,5.4,12.0,0.0011421666856732
Piwo,LAN,Challenger,624,1900,55.4,7.0,5.5,9.3,0.0010860573132731
그만 날 놔줘,KR,Challenger,719,1440,57.5,6.9,4.4,7.6,0.001078781551866
PAGYS,BR,Challenger,919,670,52.3,4.5,5.1,11.9,0.0010761620431011
Shortley,EUW,Challenger,871,860,54.5,6.7,5.6,9.0,0.0010739962927794
LF BLACK,LAN,Challenger,796,1130,56.6,6.7,6.0,8.0,0.0010689406549298
Diva Thủ Dầu 1,VN,Challenger,713,1456,60.4,8.4,4.5,8.6,0.0010447244108119
lNote,LAN,Challenger,819,1044,55.1,7.0,4.6,8.0,0.0010444980817597
zZHuyềnThọaiZz,VN,Challenger,504,2567,54.4,6.8,5.2,9.1,0.0010434091618384
Pb Lead,TR,Challenger,626,1874,54.5,6.7,5.3,9.7,0.0009706349702231
Hero Lone,BR,GrandMaster,571,4237,53.0,8.8,5.3,6.1,0.0009290088466647
wutian,KR,Challenger,712,1468,59.5,8.0,5.3,8.5,0.0009271592992462
muratar,BR,GrandMaster,808,2786,52.4,9.0,5.6,6.6,0.000924636157474
mâHSEN,TR,Challenger,690,1559,58.1,7.6,4.9,8.5,0.0008882766140389
Elokrix Fanboy,LAN,Challenger,628,1871,57.9,7.9,5.0,6.8,0.0008476014543402
野區爸爸,TW,Challenger,539,2331,57.5,6.4,5.0,9.3,0.0008423898244997
swaglord,EUNE,Challenger,619,1919,54.7,8.8,5.6,7.6,0.0007835597800339
Numvu,LAS,Challenger,593,2085,54.3,6.5,4.8,8.0,0.0007800744521075
Kusa o Miko,EUW,GrandMaster,797,2821,51.9,7.3,5.9,6.1,0.0007785318435772
Viego is trash,EUW,GrandMaster,609,3843,51.1,7.5,5.0,6.2,0.0007598513139371
TryhardEkko,EUNE,Challenger,706,1500,54.8,8.6,4.6,6.2,0.0007485900335226
Beyond Souls,LAN,Challenger,640,1804,61.0,8.0,4.7,7.4,0.0007484607099986
AJVV COMEBACK,LAN,GrandMaster,618,3744,53.2,6.0,5.3,6.7,0.0007346534814765
Betongmisch Gary,EUW,GrandMaster,743,2964,53.6,5.9,5.8,10.1,0.0007260805312159
Oscaarin,LAN,Challenger,624,1899,58.5,5.9,5.3,8.4,0.0006740390233068
Sufle,BR,GrandMaster,845,2701,53.8,5.7,5.9,8.6,0.0006724569696689
Iuuuu Inaa,VN,Challenger,504,2569,62.5,6.3,5.2,9.5,0.0006556549401012
Gabriela Infante,LAN,Challenger,634,1828,66.1,6.1,5.1,9.6,0.0006476863299661
just dont care,LAS,Challenger,570,2189,53.1,4.4,4.3,10.5,0.0006380588329225
Kurt Guterres,BR,GrandMaster,664,3399,53.1,11.1,6.5,7.1,0.0006230154627863
dn1,VN,Challenger,513,2503,60.4,4.9,5.0,10.4,0.0005540096079483
Theocacs,EUW,GrandMaster,723,3057,51.6,5.7,4.6,9.1,0.0005304868902339
SewerBoy,LAS,Challenger,587,2114,53.3,4.7,4.4,9.5,0.0005304767264468
JKG Dude,BR,GrandMaster,692,3249,51.8,4.8,5.5,9.3,0.000487328628165
9드론스포닝풀발업저글링,KR,GrandMaster,555,4408,58.1,5.1,3.9,7.8,0.000483711685569
J1MIZERA1337,EUW,GrandMaster,848,2695,52.8,7.1,5.5,7.9,0.000481630684382
9드론스포닝풀발업저글링,KR,GrandMaster,555,4408,58.1,5.1,3.9,7.8,0.0004813851155329
SHAŁŁ,LAS,Challenger,595,2077,55.0,6.7,5.3,9.3,0.0004518994896347
Sambíno,EUW,GrandMaster,533,4646,53.8,7.3,4.4,7.6,0.0004269438351056
Sambíno,EUW,GrandMaster,533,4646,53.8,7.3,4.4,7.6,0.0004247137757793
mai 1 tinh iu,VN,Challenger,511,2516,63.7,8.2,5.2,7.3,0.0003796176009963
Lowest,EUW,Challenger,801,1107,54.7,5.3,5.3,8.7,0.000371265806358
BIGFATPO,EUW,GrandMaster,637,3578,54.4,5.2,4.6,8.7,0.0003479155095257
Curselol1,BR,Challenger,1132,215,60.9,6.1,5.0,11.3,0.0003451205724356
OhSehun1,VN,Challenger,543,2301,56.6,10.3,5.2,7.8,0.0002967329604913
Blackest Man,EUW,GrandMaster,726,3049,53.2,8.5,6.8,6.2,0.0002741175474378
Chaeyeoni stan,LAN,Challenger,742,1353,53.6,7.0,6.0,7.3,0.0002463328971944
누누교수,KR,GrandMaster,523,4743,52.4,3.8,3.6,11.2,0.0002411311126136
누누교수,KR,GrandMaster,523,4743,52.4,3.8,3.6,11.2,0.000240664661423
DMG Crakan,EUW,GrandMaster,700,3183,53.3,7.3,5.6,8.6,0.0002183363051743
DSKMTMCHHH,EUW,GrandMaster,716,3093,53.4,6.0,5.2,8.1,0.000206481727263
JJBMYU,EUW,GrandMaster,610,3834,52.0,5.4,5.1,8.7,0.0001853695959943
JJBMYU,EUW,GrandMaster,610,3834,52.0,5.4,5.1,8.7,0.0001844966650407
SPACEX ASTRONAUT,LAN,Challenger,678,1600,52.0,6.8,4.6,7.7,0.0001648717155507
jamican banana,EUW,Challenger,1159,174,53.6,3.8,3.1,11.2,0.0001608430317545
Psychopath,TR,Challenger,507,2544,62.7,9.1,5.3,7.9,0.0001543284229787
Yogur de Mango,LAS,Challenger,1116,237,58.0,8.0,4.3,7.4,0.0001422451712386
OPAT04 XDXDXDXD,EUNE,GrandMaster,576,4202,67.4,10.9,6.5,7.7,0.0001407489517592
Marò,EUW,GrandMaster,513,4869,58.5,7.9,5.0,7.9,0.000140224758641
OPAT04 XDXDXDXD,EUNE,GrandMaster,576,4202,67.4,10.9,6.5,7.7,0.0001395155699393
BUFF KEQING,EUW,Challenger,1236,112,57.7,8.2,4.8,6.6,0.000131166876703
Dexti,EUNE,Challenger,596,2070,59.8,9.2,4.4,8.6,0.0001232234634088
Miito,BR,GrandMaster,744,2958,54.2,7.9,5.7,7.9,0.0001207628077769
NICO QLF,EUW,GrandMaster,599,3963,54.6,6.1,5.3,11.0,0.0001200221112487
MENTAL TXRRORlSM,TR,Challenger,1336,64,61.9,11.5,6.6,6.7,0.0001133527229743
thug ward,BR,Challenger,966,537,56.7,8.2,6.7,8.2,9.661365065045508e-05
Azunyan,EUNE,Challenger,722,1420,58.0,7.4,5.1,8.2,9.351923697225756e-05
desti,TR,Challenger,583,2136,66.4,7.9,5.9,8.4,8.263296684977691e-05
Buffy,EUNE,Challenger,609,1973,58.5,6.8,5.9,9.8,7.726664323717633e-05
Waryor,BR,GrandMaster,777,2862,56.2,8.5,5.9,6.9,6.249618469735857e-05
discord gg flied,TR,Challenger,502,2593,61.5,8.1,4.2,7.7,5.25447720074182e-05
LOUD Ronaldinho,BR,Challenger,1169,169,54.7,6.9,5.1,7.7,4.96101647650778e-05
관 계,KR,Challenger,675,1614,55.0,4.9,4.6,10.0,4.8969779513578494e-05
PCS Icarus,EUW,Challenger,906,740,55.9,7.1,5.6,7.2,4.010489000282702e-05
깅 늘,KR,Challenger,832,1007,64.6,7.5,4.2,7.2,3.391899907232276e-05
