nombre_invocador,champ_1,regional_rank_1,kills_champ_1,deaths_champ_1,assists_champ_1,winrate_champ_1,champ_2,regional_rank_2,kills_champ_2,deaths_champ_2,assists_champ_2,winrate_champ_2,champ_3,regional_rank_3,kills_champ_3,deaths_champ_3,assists_champ_3,winrate_champ_3,score
C9 Fudge,Gragas,530,4.4,3.6,7.3,55.0,Jayce,435,6.6,5.3,5.6,57.9,Jax,1186,6.7,6.3,5.1,46.7,1.0011191506995962
칸 나,Jayce,404,6.2,4.7,5.2,59.3,Jax,40,4.9,3.7,3.6,56.5,Gangplank,1614,6.6,4.3,5.7,70.6,1.0011013343502246
FΙGHT,Lee Sin,29,6.3,4.7,6.7,55.9,Gangplank,385,5.0,5.8,7.4,57.6,Jayce,562,4.5,4.5,4.6,50.0,1.000900064744356
BiIIy Butcher1,Kled,53,6.3,4.0,6.3,66.7,Olaf,140,7.7,5.5,4.6,77.3,Jax,315,4.8,4.5,3.3,59.1,1.00089130656434
Kongenvenderhjem,Jayce,36,6.8,6.1,5.6,73.7,Gangplank,10569,7.0,5.7,6.3,71.4,Fiora,53,5.0,5.6,4.9,50.0,1.0003668794172282
Binsenjokasano,Jax,379,3.5,3.3,3.9,66.0,Lee Sin,8,4.8,3.8,4.1,54.8,Gragas,1580,2.9,3.0,5.6,44.4,0.0031697013154485
BJK Top,Jax,36,4.7,3.6,4.6,65.6,Jayce,320,5.6,4.0,6.2,67.7,Fiora,192,5.5,4.3,4.8,66.7,0.0028692957550227
Gen G Horange,Jayce,405,5.7,6.1,4.1,63.3,K'Sante,649,3.5,3.4,5.1,42.9,Irelia,1611,6.8,5.6,5.3,70.0,0.0027353653332929
미니언14,Jax,443,5.0,3.6,3.7,75.9,Jayce,164,4.5,5.0,4.5,69.2,K'Sante,732,3.6,3.1,4.8,50.0,0.0027303884716052
미니언14,Jax,440,5.0,3.6,3.7,75.9,Jayce,165,4.5,5.0,4.5,69.2,K'Sante,734,3.6,3.1,4.8,50.0,0.0027303884716052
미니언14,Jax,440,5.0,3.6,3.7,75.9,Jayce,165,4.5,5.0,4.5,69.2,K'Sante,734,3.6,3.1,4.8,50.0,0.0027251973288804
미니언14,Jax,443,5.0,3.6,3.7,75.9,Jayce,164,4.5,5.0,4.5,69.2,K'Sante,732,3.6,3.1,4.8,50.0,0.0027251973288804
WoW Peasant,K'Sante,88,5.6,2.8,7.0,69.2,Gragas,26,4.9,3.1,6.5,60.0,Renekton,817,4.2,3.8,4.4,58.8,0.0026772173799859
Dragoon,Gangplank,32,7.2,4.9,5.9,65.9,Jax,39,6.0,5.0,4.3,53.7,Jayce,135,4.8,6.0,4.9,52.0,0.0026614698497601
ACD,Gangplank,53,7.0,6.1,6.0,43.9,Kled,581,4.8,4.2,6.3,68.6,Jax,66,3.7,4.4,4.3,56.7,0.0026187112891086
watermel0n bomb,Jayce,54,8.5,5.4,4.8,70.6,Olaf,249,7.9,5.2,5.5,81.8,Jax,89,9.8,4.4,4.6,80.0,0.0025864288762619
Krenashh,Jax,45,6.1,4.8,4.6,64.6,K'Sante,16,6.5,5.4,7.7,56.5,Jayce,156,5.8,6.6,4.8,47.8,0.0025800096135591
2U35,Jayce,30,5.3,5.9,5.1,61.8,Jax,535,5.8,5.4,3.5,51.7,K'Sante,1078,3.3,4.1,7.2,65.0,0.0025291178319518
IUSBioysb,Jayce,93,6.8,4.9,4.8,58.9,Jax,14,6.2,4.6,3.6,58.6,Aurelion Sol,277,6.9,4.8,7.8,55.6,0.0025079738451337
6K Meaning,Jax,91,4.7,4.9,3.9,55.2,Jayce,423,6.9,5.7,5.6,72.7,Renekton,228,4.1,4.5,5.6,50.0,0.0024937244327231
AutoDlykus,Sett,400,4.9,4.9,4.7,56.5,Mordekaiser,4,5.2,4.9,3.6,47.4,Malzahar,1072,3.8,4.5,7.9,53.8,0.0024430967351448
길길길길기,Jayce,56,5.3,3.7,4.2,55.8,Jax,232,6.2,3.3,4.5,78.3,Fiora,340,3.5,3.7,2.7,40.0,0.0024204840824636
Jauny12,Jax,87,5.2,3.8,4.3,63.9,Fiora,107,4.9,2.7,3.7,61.3,Jayce,192,5.2,4.6,4.9,57.7,0.0024167376842552
kismets,Jax,61,4.3,4.4,3.3,49.4,Renekton,129,4.3,4.3,5.1,66.7,Tryndamere,287,5.3,3.7,3.3,50.0,0.0024045218446811
wellward,Renekton,22,4.4,5.0,5.7,50.0,Fiora,75,5.3,4.4,3.9,63.6,Jayce,108,4.9,5.0,4.8,51.5,0.0023668094825003
Kledie mercury,Kled,9,8.7,6.1,7.6,63.9,Hecarim,3,8.7,6.4,9.0,45.0,Camille,466,6.4,7.2,6.8,53.3,0.0023366933326242
EL RONRONS,Gangplank,4,5.4,5.4,4.6,59.1,Jayce,131,5.5,5.4,4.3,37.8,Jax,828,4.8,3.9,3.9,78.1,0.0023294692134665
i am Shrimp,Jax,202,5.4,5.0,4.0,63.9,Renekton,246,4.6,4.1,5.2,52.6,Tryndamere,690,5.6,4.1,4.3,73.3,0.002318966876774
sigma bean,Jayce,27,7.3,6.0,5.4,59.2,Jax,16,5.8,5.0,4.2,60.4,Fiora,22,5.6,4.2,3.5,54.2,0.0023165127551568
BABO TOP,K'Sante,63,5.6,3.6,7.3,69.4,Renekton,3,5.7,3.2,5.7,55.8,Jayce,25,6.1,4.5,4.4,50.0,0.0023151785848117
Faithful Snow,K'Sante,126,3.8,3.9,7.3,60.0,Jayce,33,6.1,5.8,7.1,57.1,Camille,241,5.0,4.1,5.4,57.7,0.0023010412674685
Invincible1,Jayce,112,7.0,5.9,5.2,55.8,Fiora,73,4.8,5.1,5.0,62.5,Jax,109,7.0,5.0,5.5,59.3,0.0022957492886579
polo capalot,Jayce,62,7.7,5.7,6.6,65.1,Camille,24,6.9,6.2,5.7,60.6,Fiora,113,5.9,5.2,4.4,55.2,0.0022918771038718
C02Y,Jayce,129,6.7,6.0,6.6,66.7,Irelia,172,8.0,6.6,5.3,53.8,Lee Sin,469,4.9,5.3,5.5,52.4,0.0022595858996752
324142,Jayce,46,4.4,4.4,4.3,50.9,Jax,132,5.2,3.2,3.9,59.5,Fiora,128,3.5,2.8,3.7,60.7,0.0022545885138864
invicta23,Irelia,186,5.1,5.2,5.2,53.2,Karma,51,2.6,4.3,8.3,51.1,Jayce,186,3.8,5.6,6.0,45.5,0.0022473927048944
lG YSKM,Jayce,288,6.1,5.2,5.1,60.7,Jax,18,4.9,5.5,3.4,55.2,Gangplank,919,5.5,4.7,5.8,69.6,0.0022037194816559
SUPERBEE,Rumble,218,6.4,3.8,5.5,65.3,Fiora,3,4.2,5.4,2.7,48.5,Jayce,628,5.6,5.3,3.8,51.6,0.0021870802099076
고구마팬케이크,Jax,49,4.6,3.2,3.9,64.6,Jayce,10,4.8,5.1,4.1,42.4,Gwen,370,5.0,2.8,3.3,57.7,0.0021860291092798
Clover,Tryndamere,2,12.0,5.0,4.0,65.8,Shen,2,6.0,3.0,5.1,64.8,Gangplank,1,4.3,2.4,11.5,50.0,0.002156078816853
농심 레드포,Jayce,50,5.1,5.9,3.6,52.6,K'Sante,116,5.1,3.9,5.5,56.2,Jax,36,5.6,5.0,3.4,63.9,0.0021376257916063
Aegis fans,Jax,67,7.0,4.8,4.4,59.1,Jayce,55,6.8,5.4,6.2,48.8,Fiora,117,7.2,4.8,4.0,59.0,0.0021339258371548
optimusty,Fiora,523,7.3,4.5,4.8,70.5,Irelia,7,7.7,6.1,4.2,52.0,Jax,1521,7.2,4.6,4.1,60.9,0.0021263709210366
supp roam top,Riven,70,7.1,3.7,4.9,56.0,Jayce,11,5.9,4.8,4.7,50.0,Kalista,188,6.3,5.1,4.1,52.2,0.0021141438936369
초이통통,Rengar,485,7.0,3.1,6.0,63.0,Viego,11,7.5,3.1,6.2,60.0,Gragas,1042,3.5,4.8,6.8,54.5,0.002109373069819
świnioujście,Jayce,600,5.3,5.5,5.2,54.4,Fiora,70,5.7,4.1,4.6,60.9,Jax,695,6.2,4.2,4.2,70.0,0.0021009780710899
BoHan,K'Sante,12,5.7,2.7,7.0,76.7,Fiora,1,4.7,3.1,3.9,57.9,Jax,192,7.8,4.6,4.6,57.1,0.0020968027056024
PI Tobi,Shen,626,3.4,2.5,10.1,67.1,Renekton,1,3.9,3.9,4.9,54.5,K'Sante,473,5.3,3.1,4.6,50.0,0.0020924516721959
TOP 07,Lee Sin,74,5.2,4.8,6.0,55.6,Garen,23,6.4,2.8,4.6,57.1,Sion,138,3.9,4.0,8.6,66.7,0.0020771397128751
jx xuyang,Jax,34,5.1,5.4,5.6,53.8,Lee Sin,81,6.3,4.9,6.5,65.5,Renekton,15,4.0,5.5,6.2,47.5,0.0020770585047719
TL Honda MaRin,Rumble,53,7.4,4.9,6.1,62.5,Renekton,8,6.3,5.1,4.7,52.3,Elise,31,9.3,4.1,7.8,68.8,0.0020721988691569
tyrin777,Fiora,56,5.1,3.3,3.3,59.6,Jax,20,5.4,4.0,4.1,59.5,Jayce,64,5.9,4.8,4.7,53.7,0.002054850005141
NieUfamCiJezu12,Urgot,550,6.4,4.8,6.0,63.2,Darius,413,6.8,5.2,5.2,66.7,Gwen,1257,4.3,4.1,3.4,58.3,0.0020389615396208
Lellisz,K'Sante,48,4.7,3.4,6.0,47.8,Illaoi,24,6.0,4.4,4.0,58.3,Aatrox,2,5.6,3.5,4.8,65.2,0.0020186132287349
100 Tenacity,Jax,335,6.7,3.8,3.9,85.7,Jayce,209,5.2,4.8,4.4,38.5,K'Sante,1778,5.1,4.3,5.1,50.0,0.0020184408591569
KT Castle,Jayce,67,5.5,5.4,4.7,48.6,Jax,207,5.0,5.0,4.0,57.1,Renekton,63,4.4,4.8,4.1,41.4,0.0020180509649396
Betão 8,Fiora,35,5.0,4.4,3.4,48.0,Jax,58,5.6,5.3,4.3,60.9,K'Sante,35,4.8,3.5,6.9,71.0,0.0019985555619657
twitch SAMMU,Ivern,576,2.7,3.5,11.0,64.8,Annie,2,5.9,4.3,9.4,66.7,Orianna,717,1.3,2.3,9.5,40.0,0.0019971206721208
Lantun,Fiora,9,4.8,3.2,3.4,58.9,Camille,7,5.8,4.4,4.6,52.2,Shen,9,4.2,4.1,8.6,60.9,0.0019960199002918
Annie IRL,Annie,121,6.0,4.9,6.1,58.4,Gnar,46,2.6,5.9,4.6,33.3,Gragas,804,3.1,4.6,6.2,48.1,0.0019908631737728
shady mathers,Fiora,25,8.8,6.3,4.9,64.9,Irelia,3,8.8,7.4,5.0,64.2,Yasuo,1,5.9,6.5,5.7,52.6,0.0019895859276661
Snow Lion,Olaf,152,6.8,5.4,3.5,55.6,Gangplank,68,5.6,5.9,5.7,47.7,Ornn,164,2.4,3.2,6.9,53.8,0.0019827827064851
soz,Jax,51,5.1,4.0,3.6,49.3,Olaf,143,7.2,4.4,4.2,59.4,Jayce,37,5.8,5.2,6.4,64.3,0.0019794621196878
goth kızlar dm,Fiora,1,7.2,3.4,3.4,67.6,Akshan,230,9.5,4.5,5.4,69.4,Jax,11,6.2,4.7,3.2,65.0,0.0019767341198507
eYa Bewbiou,Gnar,107,3.9,3.9,4.7,54.4,Malphite,19,3.8,3.5,6.8,51.4,Akali,92,6.3,4.9,4.9,50.0,0.0019640363400766
리바이 병장,Jayce,119,6.4,6.3,5.1,53.6,Fiora,106,3.9,5.5,3.7,55.2,K'Sante,623,5.2,5.7,6.4,55.6,0.0019557395517223
SK Irrelevant,Camille,531,6.7,5.5,5.0,54.5,Sion,168,4.3,6.1,7.5,48.5,Jax,840,5.5,5.6,3.9,54.8,0.0019539493960489
markyyy,Jayce,142,5.6,5.8,4.9,51.8,Jax,97,5.5,4.9,3.4,65.5,Gnar,7,4.3,4.7,4.5,61.5,0.0019538642170787
Drututt,Akshan,204,8.0,3.9,4.8,69.0,Camille,2,7.2,4.0,4.2,57.9,Zeri,66,5.4,3.2,4.5,52.9,0.001940077397054
TwTv stefankolol,Jax,12,6.1,3.4,4.0,62.7,Fiora,6,5.6,4.1,3.9,52.5,Malphite,15,3.9,2.4,5.7,66.7,0.0019298283133931
Thiensf,Lee Sin,3,6.9,4.7,7.3,52.5,K'Sante,4,4.6,3.7,7.0,73.3,Jayce,1,5.9,5.2,5.4,41.9,0.00191809143569
Urmonardrene,Udyr,190,3.3,3.8,6.9,84.0,Olaf,66,6.2,5.1,4.3,57.9,Camille,394,5.8,5.1,5.9,50.0,0.0019135035661979
Vertigo0,Gangplank,134,6.5,4.0,5.9,53.7,Fiora,83,5.2,3.1,4.7,52.2,Riven,114,5.6,3.2,4.5,68.2,0.0019083031862999
Ushuala,Ornn,176,2.9,3.5,7.5,53.3,Karthus,33,5.8,5.7,8.8,60.0,Ryze,13,4.1,3.5,3.4,41.4,0.0019049254193437
Daemon V,Akshan,627,6.4,4.4,4.5,59.7,Gangplank,3,7.4,5.2,7.2,50.0,Gragas,873,3.8,3.1,6.8,62.5,0.0019033677710619
Daemon V,Akshan,635,6.4,4.4,4.5,59.7,Gangplank,3,7.4,5.2,7.2,50.0,Gragas,879,3.8,3.1,6.8,62.5,0.0019033677710619
Gen G Zest,Jayce,34,5.5,5.4,4.8,55.8,K'Sante,77,5.1,3.4,5.6,56.3,Gnar,28,4.2,3.8,6.0,65.3,0.0019033640755663
톱 왕,Renekton,210,5.9,4.9,4.1,48.5,Gangplank,130,5.0,5.8,6.1,54.8,Jayce,335,8.0,5.6,6.6,63.0,0.001901109663795
IHG PolskiKoz,Olaf,129,6.3,4.0,3.6,59.8,Kled,75,6.3,4.5,5.4,56.3,Jax,28,4.9,4.4,3.2,56.5,0.0018967529187771
Daemon V,Akshan,635,6.4,4.4,4.5,59.7,Gangplank,3,7.4,5.2,7.2,50.0,Gragas,879,3.8,3.1,6.8,62.5,0.0018955823659405
Daemon V,Akshan,627,6.4,4.4,4.5,59.7,Gangplank,3,7.4,5.2,7.2,50.0,Gragas,873,3.8,3.1,6.8,62.5,0.0018955823659405
Dia Kektz,Renekton,778,6.1,4.4,3.9,60.0,Jax,211,4.6,3.7,3.8,60.0,K'Sante,862,4.2,3.8,5.3,56.0,0.0018954841593786
玳打微ysrw77,Fiora,5,5.9,5.1,3.2,55.2,Riven,3,6.3,4.6,5.5,62.1,Irelia,24,8.8,6.0,6.7,76.9,0.0018876674209053
Jauny,Jayce,2,9.3,4.7,5.4,63.9,Irelia,21,8.1,4.6,5.9,77.8,Fiora,67,6.8,3.6,5.1,72.7,0.0018863424622335
Lîcht Rêgên,Yone,866,5.6,4.0,4.5,55.6,Yasuo,34,5.5,4.9,6.4,57.9,K'Sante,195,2.4,3.7,5.3,41.7,0.001884876414034
DeepVibes,Mordekaiser,24,5.9,4.5,4.3,56.3,Gwen,8,5.4,4.1,4.4,48.7,Sett,31,6.3,5.2,4.3,44.7,0.0018789153287984
Meteor is coming,Jayce,52,4.0,5.1,4.0,48.2,K'Sante,212,4.3,2.8,5.5,60.0,Renekton,20,3.9,3.8,4.3,53.7,0.0018775187106247
Ënder,Fiora,8,6.6,2.9,4.0,61.9,Irelia,1,7.3,4.2,4.8,61.7,Vladimir,10,7.3,2.5,4.3,33.3,0.001872481903578
reverse,Darius,177,6.5,4.7,5.2,57.4,Vladimir,9,5.1,4.9,6.0,71.4,Jax,102,6.9,5.2,4.5,40.9,0.0018635188056318
Sufukato,Gangplank,25,7.5,3.5,6.3,60.7,Illaoi,72,5.4,3.2,4.7,48.5,Sion,6,5.3,3.7,8.8,54.5,0.0018600075664314
Yung Fappy,Teemo,68,4.5,4.3,4.2,55.6,Garen,5,4.2,3.1,2.9,52.6,Kayle,12,3.0,4.4,4.0,47.7,0.0018561322683983
Plan Chrysalide,Jayce,357,8.0,6.8,5.2,67.6,Jax,2,5.9,8.2,4.7,55.3,K'Sante,354,4.6,6.3,5.6,47.2,0.0018513508433912
Krøllen,Olaf,416,9.3,5.9,4.7,71.4,Camille,3,7.6,5.6,5.5,71.4,Gnar,842,6.1,6.3,5.2,53.8,0.0018506841697688
빈 스토리,Jayce,397,4.9,3.8,4.6,63.3,Jax,592,5.1,3.3,4.1,69.0,Fiora,273,4.8,3.9,3.3,57.9,0.0018483264720839
LordBastionIII,Janna,263,0.0,12.0,26.0,55.9,Sona,43,0.0,11.0,8.0,56.1,Rakan,22,0.0,6.0,4.0,48.6,0.0018451062031597
2035 TCL Champ,Akshan,182,8.5,5.5,5.7,61.7,Tryndamere,22,5.8,4.2,3.3,54.5,Jax,35,6.8,4.4,5.1,60.0,0.0018314752471569
SatØrius,Karma,247,3.1,4.2,9.3,65.0,Gragas,9,3.6,3.5,5.6,55.1,Fiora,68,4.1,4.7,3.8,45.2,0.001826923105401
BOLADO DMS,Gragas,342,4.0,4.4,7.7,53.7,Warwick,23,4.7,6.0,6.7,51.0,Udyr,17,3.3,4.3,6.7,60.0,0.0018265557613063
faker god top,Jax,219,4.8,3.4,4.0,55.1,Jayce,34,6.1,3.6,6.3,60.0,Olaf,987,5.9,3.2,4.8,55.6,0.0018257352263517
Keñus,Darius,27,6.3,3.0,4.1,58.2,Gangplank,15,5.3,4.8,6.0,58.5,Gragas,14,4.6,3.5,7.1,57.1,0.0018253730168301
Challenq,Akshan,25,10.5,4.6,4.6,65.6,Dr. Mundo,35,6.1,3.5,4.6,61.2,Kayle,1,8.8,4.0,5.2,74.4,0.0018253264226691
AYELGODLIKEMODE,Pantheon,9,7.7,5.7,6.8,58.3,Camille,7,6.9,6.7,6.3,57.5,Illaoi,14,5.3,5.5,4.3,57.7,0.0018246996299145
100 Sn1per,Irelia,534,6.8,5.6,4.4,56.8,Jayce,139,6.8,6.0,4.9,58.6,Jax,237,4.9,4.3,2.6,44.0,0.0018201475826459
MYSLYRS,Riven,7,7.2,4.0,4.8,70.7,Irelia,71,6.4,6.0,4.3,59.5,Kai'Sa,2,8.0,5.2,5.8,54.4,0.0018177697763174
GazpachitoAbuser,Rengar,616,5.3,3.7,4.0,56.5,Udyr,100,4.0,3.3,4.4,59.3,Sion,882,4.0,2.9,7.6,64.0,0.0018046546091977
reptilezero,Jax,324,4.9,4.6,4.1,55.6,Graves,78,5.2,6.2,5.8,58.6,Ornn,362,3.0,3.9,7.0,62.1,0.0018034062243256
0503x,Jayce,335,7.5,5.1,4.3,50.0,K'Sante,865,5.0,4.4,7.1,54.5,Jax,456,4.8,4.3,1.8,50.0,0.0018018161597453
FLYQ IMPACT,Jax,216,6.2,5.0,4.8,65.4,K'Sante,272,4.1,3.5,6.6,61.1,Jayce,279,5.1,5.5,4.1,40.0,0.0018015535872497
Trà Đào OwO,Fiora,7,5.2,4.2,3.4,73.0,Jax,25,6.1,5.0,3.4,55.6,Renekton,472,6.3,5.3,4.4,57.7,0.0017992283773565
FA ady,Taric,24,2.9,4.8,12.4,63.4,Pantheon,4,6.7,6.5,6.1,50.3,Shen,39,4.6,5.4,9.7,61.2,0.0017929189741268
ZyWolfx,Darius,30,8.1,4.2,4.1,58.9,Viktor,492,7.9,4.4,7.4,81.3,Syndra,11,12.5,5.5,6.7,66.7,0.0017908880243528
Geobsell,K'Sante,37,5.9,4.6,6.1,60.0,Garen,5,5.2,4.6,3.4,51.7,Aatrox,189,5.0,7.0,5.9,36.4,0.0017852765775096
Coatpustmain,Shen,184,2.8,3.6,8.5,55.0,Ornn,39,2.5,3.9,8.6,53.8,Sion,31,3.4,3.5,6.1,67.6,0.0017833618548415
Tronnie Sins,K'Sante,15,4.6,2.9,5.3,48.2,Gangplank,5,5.1,5.1,6.4,57.1,Vladimir,16,5.1,2.4,4.3,66.7,0.0017788596979382
WAO RANK 1,Darius,64,6.7,5.0,6.0,58.6,Jayce,16,6.6,5.8,6.9,54.1,Olaf,87,6.9,5.1,5.6,60.9,0.0017777265584765
GSDFQWASD,Fiora,546,5.2,3.8,4.4,50.0,Jayce,1013,5.1,5.9,4.6,50.0,Irelia,895,6.0,6.1,5.0,69.2,0.001777613411803
Melvox,Jax,30,7.7,3.3,3.6,67.4,Garen,20,7.9,2.7,6.3,78.9,Renekton,3,6.0,3.8,6.9,57.1,0.001774645972568
ROBOCA DE SACOLA,Lee Sin,225,7.8,5.2,6.7,61.1,Twitch,623,9.8,5.7,8.4,85.7,Jax,177,8.5,6.6,4.6,38.5,0.001773411425981
DENADENADENA,Jayce,239,6.0,5.6,4.7,56.0,K'Sante,24,5.4,4.1,5.8,72.7,Jax,108,5.8,4.2,3.3,54.5,0.0017725828766404
윤용호,Jayce,189,4.9,6.2,5.8,51.3,Jax,598,4.7,5.3,4.4,65.4,Fiora,628,5.4,4.2,3.2,61.5,0.0017718513381135
DRXVIICHAN,K'Sante,363,5.3,4.5,5.4,54.8,Udyr,44,3.8,5.0,5.9,48.8,Akshan,192,5.9,7.0,4.9,30.8,0.0017650255160127
Adelean,Yone,19,5.0,10.0,16.0,59.1,Yasuo,9,6.8,5.3,5.3,50.0,Zed,47,5.7,6.1,4.7,50.0,0.0017613604756198
내이리 오면,Jayce,182,4.4,5.2,5.3,68.4,Yone,4,4.4,5.4,4.3,43.9,Fiora,557,3.4,4.9,3.5,46.9,0.001760599006445
droqan,Jax,137,6.4,5.4,4.4,58.1,Akshan,99,8.4,5.6,6.1,65.5,Vladimir,647,7.0,4.5,5.0,47.6,0.001755798054133
愛麗絲丶,Gwen,11,5.9,3.7,4.6,61.6,Gangplank,1,5.9,5.2,5.8,63.9,Fiora,9,5.1,6.1,4.0,42.9,0.0017476452850499
킬러톱,Cassiopeia,89,4.0,5.0,8.0,54.1,Karthus,53,2.0,1.0,6.0,57.1,,856,8.0,5.0,7.0,-9.4,0.0017466751951916
Augustine,Jax,186,4.6,3.2,2.8,56.7,Gangplank,32,4.9,4.6,6.2,56.9,Camille,19,5.1,2.7,4.2,60.0,0.0017401453892904
Bruce Wäyne,Gangplank,455,5.8,7.5,5.2,50.8,Jayce,152,6.5,6.7,4.7,43.1,Garen,213,6.7,4.2,3.1,58.3,0.0017401077013215
Livatious,Fiora,301,5.7,5.6,4.8,60.3,Olaf,14,5.5,4.9,4.8,75.0,Jax,231,3.6,5.5,4.8,45.5,0.0017364314401779
cadianNN,Jax,210,5.2,4.9,3.6,65.6,Jayce,294,6.6,4.8,5.5,72.0,Lee Sin,525,6.7,5.3,4.7,71.4,0.0017355304857464
Diëgo,Aurelion Sol,35,6.0,2.9,7.5,54.9,Illaoi,4,4.2,4.2,4.1,59.3,Ryze,4,2.8,2.7,5.5,57.9,0.0017285205106467
Reversed,Jax,312,5.2,4.6,4.9,52.0,Irelia,51,7.1,4.9,4.7,60.0,Gwen,986,5.2,4.4,3.8,54.5,0.0017282317619665
RobertBrännström,Jax,826,6.3,4.8,3.9,56.9,Olaf,65,6.5,5.3,4.8,50.0,Fiora,321,5.7,5.5,3.4,44.8,0.0017250781497664
TTV IMainTopLane,Shen,314,3.2,3.1,8.7,55.6,Sejuani,16,5.0,3.3,6.2,76.2,Sett,42,4.0,5.2,5.5,38.9,0.0017233259090728
Eddxylol,Pantheon,175,7.3,5.7,6.0,53.8,Volibear,6,5.0,5.6,7.3,52.4,Maokai,159,4.9,5.9,11.6,50.0,0.0017227405023215
jotaemez 11z,Jayce,168,5.7,5.8,4.6,53.1,Jax,36,5.3,5.0,3.6,56.3,Gangplank,27,5.6,5.4,4.6,43.2,0.0017210692083316
Estrus,Riven,26,8.2,7.3,5.0,70.0,Fiora,23,7.0,5.9,4.8,63.2,Camille,44,7.6,7.5,6.7,60.0,0.0017200947940317
안녕안녕하세요오,Jayce,107,6.7,6.6,4.2,51.2,Fiora,173,5.0,4.6,3.7,71.4,Jax,1,5.3,4.7,3.4,51.0,0.001716418455505
Sc4rfac3,Jax,551,3.6,4.1,3.4,44.7,K'Sante,802,3.7,3.8,5.8,57.1,Olaf,171,5.7,4.8,4.0,52.2,0.0017164184534528
Kartoni Storaro,Akshan,62,7.2,5.0,6.5,68.3,Aatrox,472,7.4,6.9,5.1,45.5,Aurelion Sol,1,7.5,5.3,6.7,60.0,0.0017081779636725
WPE Austèrity,Fiora,19,9.4,6.0,3.9,69.6,Riven,28,10.3,7.2,4.7,60.0,Ryze,176,7.1,4.1,5.1,75.0,0.0017080706610551
ΑrchΦiend,Aatrox,603,6.6,6.1,5.2,55.1,K'Sante,20,5.2,5.4,6.7,66.7,Pantheon,179,7.5,6.5,5.8,61.5,0.0017074910463338
Nillee,Jax,318,5.6,4.6,4.0,64.7,Sion,8,3.4,7.6,4.0,52.5,Irelia,221,5.9,4.7,4.5,51.7,0.0017060766488351
Dìesel,K'Sante,272,3.3,4.1,6.7,57.9,Jax,20,3.8,4.3,3.0,59.1,Olaf,888,5.3,4.8,4.6,61.9,0.0017033929827357
AlphaGo test 06,Fiora,87,4.7,4.3,2.9,58.8,Renekton,27,4.5,4.7,3.1,57.1,Gnar,19,3.6,4.7,4.2,52.7,0.0017004786396543
SOLOBOLO123,K'Sante,407,3.9,4.3,6.0,58.8,Jax,49,5.2,6.5,4.8,57.7,Renekton,422,4.4,5.1,4.3,38.9,0.0016956074900008
Ssumdayday,Jax,238,4.2,3.4,3.3,56.7,Garen,325,4.2,3.0,3.1,48.3,Fiora,334,4.6,3.9,4.9,52.9,0.0016941489195741
qwazss,Jax,100,4.5,3.3,3.6,61.0,Fiora,23,3.3,3.9,4.1,38.2,K'Sante,1506,3.9,2.8,5.4,57.7,0.0016934666567897
łeozd,K'Sante,31,5.0,4.0,6.1,53.6,Pantheon,10,6.5,5.3,5.3,48.9,Akshan,7,8.3,6.7,4.1,55.6,0.0016880364740113
vxRio887288,Fiora,21,5.1,4.5,3.3,59.2,Jayce,2,5.2,6.7,5.1,58.3,Jax,14,4.1,5.7,2.9,46.7,0.0016874597983512
GPGustavo,Gangplank,473,7.0,3.0,7.0,55.8,Cho'Gath,33,6.1,6.3,5.8,43.5,K'Sante,188,5.7,6.4,4.5,30.8,0.0016849388771408
ViV Twelve,Fiora,249,6.2,5.1,5.3,56.8,K'Sante,22,4.6,5.5,8.4,60.8,Riven,11,5.4,5.0,5.0,63.8,0.0016832847439802
Gruiku,Olaf,978,6.6,7.4,5.1,55.6,Udyr,132,4.7,5.8,7.3,66.7,K'Sante,179,4.6,6.6,6.7,50.0,0.0016828905430066
Gruiku,Olaf,918,6.6,7.5,5.1,54.5,Udyr,154,4.7,5.8,7.3,66.7,K'Sante,180,4.7,6.7,6.6,47.4,0.0016828905430066
Son of Barbaroon,Shen,15,5.2,3.8,10.3,62.7,Quinn,52,6.1,6.4,6.9,52.9,Illaoi,1,5.1,6.3,3.4,57.1,0.0016819009436238
no limits1,Akshan,350,5.5,4.1,5.3,62.6,K'Sante,16,2.8,3.5,4.7,51.7,Darius,74,5.6,4.2,4.5,45.8,0.0016817869737073
Drututt,Akshan,204,8.0,3.9,4.8,69.0,Camille,2,7.2,4.0,4.2,57.9,Zeri,66,5.4,3.2,4.5,52.9,0.0016782833178778
Diluc,Fiora,41,7.9,6.7,4.5,53.3,Irelia,6,7.4,8.5,6.4,44.4,Vi,395,7.3,6.8,5.4,33.3,0.0016762879946189
Go Ha Go Ha,K'Sante,133,3.9,4.3,6.9,64.3,Jax,6,4.6,4.7,3.9,58.5,Gangplank,55,5.6,5.3,6.4,53.8,0.0016741735634346
JeIIy,Gragas,18,5.0,4.8,6.4,62.7,Ahri,4,8.3,6.1,7.5,56.4,Pyke,18,7.1,6.9,9.9,58.6,0.0016736022468087
askın olayım,Ornn,298,3.4,3.6,7.2,62.3,Gnar,5,3.8,4.5,5.3,54.3,K'Sante,19,3.4,4.6,5.4,48.6,0.0016714119827614
Lesions,K'Sante,219,3.3,3.5,7.5,64.3,Lux,8,4.9,6.0,16.3,68.4,Riven,279,4.9,4.5,4.1,33.3,0.0016708795779969
Lesions,K'Sante,223,3.3,3.5,7.5,64.3,Lux,7,4.9,6.0,16.3,68.4,Riven,275,4.9,4.5,4.1,33.3,0.0016708795779969
Rwrkd Darkhike,Jax,19,6.7,5.0,3.3,53.5,Darius,11,6.4,5.8,4.2,66.7,Tryndamere,38,7.8,4.2,4.0,62.5,0.0016688029339688
awr,Gangplank,20,7.1,5.9,5.4,65.5,Fiora,43,8.6,5.3,4.4,56.5,Jayce,41,7.2,7.3,5.3,57.9,0.0016664718805508
Lesions,K'Sante,223,3.3,3.5,7.5,64.3,Lux,7,4.9,6.0,16.3,68.4,Riven,275,4.9,4.5,4.1,33.3,0.001665593153388
Lesions,K'Sante,219,3.3,3.5,7.5,64.3,Lux,8,4.9,6.0,16.3,68.4,Riven,279,4.9,4.5,4.1,33.3,0.001665593153388
XΥΖ,Darius,306,6.0,4.4,4.6,60.5,Sion,9,2.5,3.4,7.3,51.1,Lee Sin,54,11.3,4.5,5.0,50.0,0.0016654827363196
Rich3,Jayce,281,5.8,6.1,5.4,76.2,Gragas,629,4.5,4.1,6.8,80.0,Renekton,405,7.0,5.2,7.0,72.7,0.0016637707545719
AdoReolEve,Jayce,458,7.4,6.1,4.4,55.4,K'Sante,30,6.2,4.4,5.5,44.1,Jax,275,7.0,6.3,2.9,56.5,0.0016625922131558
Kuzy 1,Gnar,185,4.9,5.3,6.1,63.4,Fiora,12,5.3,4.7,4.4,53.8,Jax,317,4.8,5.2,3.0,52.2,0.0016611417413116
This game canwin,K'Sante,436,4.0,3.3,5.2,54.8,Jax,49,3.8,4.4,3.6,53.8,Renekton,309,3.8,3.4,3.6,60.0,0.0016596143429186
This game canwin,K'Sante,435,4.0,3.3,5.2,54.8,Jax,49,3.8,4.4,3.6,53.8,Renekton,311,3.8,3.4,3.6,60.0,0.0016596143429186
This game canwin,K'Sante,436,4.0,3.3,5.2,54.8,Jax,49,3.8,4.4,3.6,53.8,Renekton,309,3.8,3.4,3.6,60.0,0.0016581898778563
This game canwin,K'Sante,435,4.0,3.3,5.2,54.8,Jax,49,3.8,4.4,3.6,53.8,Renekton,311,3.8,3.4,3.6,60.0,0.0016581898778563
상록중,Ryze,207,3.6,3.8,4.5,63.3,Gnar,144,4.3,4.1,5.6,69.6,Rumble,128,5.6,4.3,8.3,70.6,0.0016572520033414
qazxcxz,Jax,31,8.4,5.3,4.3,60.0,Jayce,25,9.4,6.3,5.6,70.8,K'Sante,20,5.6,5.3,7.8,73.7,0.0016546663094575
Peentakilo,Olaf,134,9.2,5.8,4.0,62.1,Riven,492,5.6,4.3,2.6,31.3,Jax,11,7.8,6.4,4.2,53.8,0.0016519403453648
Kât l ï Äm,Jax,392,6.0,3.4,3.8,60.7,Garen,530,4.9,2.5,3.5,47.4,Olaf,33,6.2,3.5,4.9,64.7,0.0016516001671401
weilaihuanweilai,Jax,307,4.7,3.9,3.4,49.4,Jayce,131,5.5,4.7,5.2,61.7,K'Sante,57,4.2,3.4,5.6,47.4,0.0016497572250819
Yöönšeül,Gwen,40,5.4,5.7,3.8,46.8,Fiora,10,4.9,5.1,3.3,50.7,Zoe,15,7.3,4.7,7.8,58.3,0.0016474780504907
emot1on,Camille,387,6.6,6.1,5.4,51.5,Gwen,209,5.2,5.2,2.7,60.0,Irelia,115,6.2,5.0,4.0,54.5,0.0016444523396879
HKS Heavy,Camille,493,5.3,4.5,4.8,57.5,Aatrox,83,4.8,4.9,5.7,51.5,Gragas,102,4.0,4.4,5.8,45.0,0.001643702074512
Papas Doradas,Gnar,39,6.2,4.0,6.7,59.1,Yone,781,5.4,5.0,5.4,60.0,K'Sante,56,4.4,4.1,5.9,50.0,0.0016436244391373
Maybe worth its,Jax,265,6.4,6.3,4.5,61.9,K'Sante,536,5.5,5.7,6.0,47.6,Jayce,315,5.9,7.0,6.1,47.4,0.0016403906522137
willing555,Kled,445,6.0,5.0,6.8,54.1,K'Sante,17,2.8,5.6,5.2,46.2,Maokai,1056,2.9,3.8,7.9,55.6,0.0016354459761366
Diass,Trundle,23,5.1,3.9,5.6,62.5,Renekton,1,6.0,3.7,4.4,63.3,Tahm Kench,1,4.6,3.6,4.7,31.8,0.0016347908453324
LouiseBerna,Jax,297,8.2,4.9,6.0,75.0,Jayce,229,10.2,3.4,4.8,92.3,Olaf,95,7.6,3.3,5.9,75.0,0.0016346397723217
lonely eboy,Nasus,36,3.8,2.2,4.3,55.1,Jax,1,5.9,2.8,3.2,60.0,Twisted Fate,7,5.2,2.7,7.6,55.2,0.0016339250010648
White Snow,Viego,138,9.1,6.2,8.4,72.7,Thresh,136,2.4,3.4,17.7,100.0,Jhin,10,4.7,4.4,6.0,44.4,0.0016338908899556
White Snow,Rengar,327,5.9,4.4,4.8,54.9,Shen,31,3.1,3.9,9.7,66.7,Jax,81,5.5,5.6,4.3,48.3,0.0016338908899556
CU Ego,Jayce,648,6.9,4.7,5.5,66.2,Jax,3,6.2,5.0,4.0,65.5,Garen,309,5.4,3.0,3.8,50.0,0.0016316921753087
Gruiku,Olaf,978,6.6,7.4,5.1,55.6,Udyr,132,4.7,5.8,7.3,66.7,K'Sante,179,4.6,6.6,6.7,50.0,0.0016313480614825
Gruiku,Olaf,918,6.6,7.5,5.1,54.5,Udyr,154,4.7,5.8,7.3,66.7,K'Sante,180,4.7,6.7,6.6,47.4,0.0016313480614825
010,Jayce,494,5.4,5.7,5.5,48.6,Darius,250,5.6,4.6,4.4,53.8,Irelia,425,6.3,5.1,4.9,66.7,0.0016312271608527
Gewinnbarr,Aatrox,462,5.1,5.5,5.4,43.5,Gragas,1402,4.8,3.8,7.7,47.1,Jax,2180,4.9,6.5,4.8,69.2,0.0016309187948101
ZeusGalaVital,K'Sante,189,5.6,6.0,6.9,58.8,Jayce,15,5.7,6.5,5.6,44.8,Jax,79,7.0,6.0,5.2,64.3,0.0016294779210552
kookykrook,Olaf,177,4.9,5.0,4.7,60.0,Jax,10,3.9,4.5,4.0,58.6,K'Sante,19,2.8,3.6,5.1,51.2,0.0016280130417414
Kingicepop,Caitlyn,384,6.9,6.0,6.9,52.8,Ezreal,323,6.3,6.4,6.7,42.9,Lee Sin,638,6.0,5.6,6.5,57.6,0.001627599774047
Witnesss Me,Fiora,340,4.8,3.7,4.0,50.8,Jax,43,6.0,5.6,4.5,51.5,K'Sante,365,4.6,3.8,5.8,51.6,0.0016261804396893
MadDog OfShimano,Kled,461,5.6,5.2,7.2,43.3,Sion,260,4.8,4.2,9.1,62.5,Fiddlesticks,114,5.2,5.6,9.3,57.1,0.0016248090816718
PatkicaA,K'Sante,561,4.7,3.6,6.5,72.2,Sion,262,3.7,2.7,8.9,66.7,Renekton,530,4.8,4.7,4.4,75.0,0.0016241767914216
죽림초,Fiora,114,5.0,4.2,3.7,52.8,Jax,57,4.4,5.0,3.9,53.9,Jayce,85,4.4,5.3,4.4,48.0,0.0016228231851556
NNJ RagingNipps,Sion,28,6.0,7.6,4.4,62.2,Gragas,32,6.5,3.8,7.9,45.5,K'Sante,9,5.3,4.1,6.1,66.7,0.0016214388431814
Nahkffs,Sion,196,6.1,6.8,4.9,49.0,Gangplank,12,7.0,6.6,5.1,37.1,Jax,583,7.5,6.5,4.1,70.8,0.0016172913632615
KHADIKING,Darius,76,8.1,4.5,3.9,64.9,Kled,509,5.5,5.6,6.3,55.6,Mordekaiser,1,4.0,5.3,4.0,30.0,0.0016161837861004
oOYi一JiangOo,Riven,28,6.3,4.4,3.6,62.3,Camille,9,7.6,5.2,4.5,56.8,Fiora,14,6.5,5.1,4.1,52.8,0.0016159540529182
paiN Wizer,Jayce,249,8.1,6.8,7.0,69.6,Jax,175,8.1,5.0,4.1,77.3,Lee Sin,140,7.8,4.3,8.1,52.6,0.0016152891120529
Stargazer7,K'Sante,66,4.1,3.8,5.4,59.6,Aatrox,3,5.6,4.9,5.9,58.8,Jayce,36,5.3,6.5,4.6,48.3,0.0016146963873647
Sandflame,Olaf,222,5.7,3.9,4.9,61.0,Gragas,9,4.1,3.7,7.1,60.0,Gangplank,7,7.2,6.5,6.9,54.5,0.0016124336350418
HıtIer,Rengar,112,10.1,4.8,4.7,61.5,Taliyah,56,5.8,4.4,7.3,62.5,Draven,43,6.5,5.8,5.9,50.0,0.0016109844123722
u should know me,Fiora,476,3.8,4.1,4.1,50.9,Akali,84,6.1,4.6,5.1,48.6,Irelia,278,5.5,5.2,5.5,58.3,0.0016087326281435
Han shu2,Jayce,294,5.8,5.8,4.7,67.7,Fiora,2,5.3,4.5,2.9,60.4,Irelia,11,8.0,5.5,4.0,69.6,0.001608198057596
kafari,Gangplank,190,7.2,5.4,5.7,56.2,Fiora,38,4.1,4.6,3.5,54.5,Lulu,35,1.3,5.9,17.6,60.0,0.0016081628209709
Mito Supremo,Jayce,285,7.0,4.5,5.5,67.6,Camille,84,5.5,5.4,4.9,59.4,Zac,143,3.6,3.9,8.1,57.1,0.0016062226899138
xRoyal,Aatrox,225,5.0,4.6,4.9,49.6,Rengar,414,6.0,4.4,5.0,61.8,Jayce,22,5.2,5.3,4.2,49.4,0.0016037198006645
Kill,Talon,31,10.8,7.4,5.8,50.0,Gangplank,42,5.7,6.7,5.7,53.3,Akshan,410,7.3,7.1,5.0,41.7,0.0016026296391953
Εemo,Volibear,13,5.1,4.7,7.3,60.0,K'Sante,284,6.3,5.2,8.1,51.7,Warwick,4,6.6,6.3,7.6,67.9,0.001601899107796
Viv Mor Est,Jax,558,4.9,4.4,4.9,59.4,Camille,195,4.2,4.0,5.5,72.7,Gangplank,151,4.5,5.6,6.7,65.0,0.0016008305828354
Bieshuomeibanfa,Jayce,141,5.9,5.9,5.2,60.2,Darius,35,5.5,4.0,4.2,62.5,Tryndamere,17,6.7,5.8,3.8,54.3,0.0015998982445961
FUR Gru,Jax,167,5.7,5.4,3.8,57.1,Jayce,357,8.2,6.7,6.2,54.5,Camille,386,7.5,5.9,4.7,52.4,0.0015992389220498
MySwordCrimson,Olaf,264,5.2,3.7,3.9,57.7,Riven,13,5.8,4.4,4.7,54.5,Fiora,19,3.8,4.3,4.2,44.4,0.0015984245222831
YAHAYA ABDULLAHI,Kled,182,6.2,3.9,6.1,63.0,Vladimir,37,5.1,3.1,4.9,50.0,Janna,5,1.0,3.8,12.9,44.4,0.001593918377089
亮德同學,Jax,51,5.3,4.3,3.4,67.7,Jayce,30,5.5,5.8,5.6,57.7,Fiora,91,6.7,4.4,3.2,50.0,0.0015922650928296
jjking10,Fiora,300,4.9,4.3,3.7,57.8,Camille,21,5.2,4.4,4.4,49.1,Jayce,55,5.2,6.4,5.0,53.3,0.0015914191886643
bagus,Yone,15,8.4,4.8,6.6,71.4,Akali,17,9.1,3.6,4.2,71.4,Yasuo,11,7.4,6.7,5.6,57.1,0.0015911463233371
kh1234,Gwen,163,7.1,4.8,4.8,55.6,Yone,1103,5.1,5.5,4.5,42.1,Fiora,8,4.1,4.5,2.6,66.7,0.0015904445085535
Erisipela,K'Sante,390,5.7,2.9,6.4,65.2,Illaoi,2,6.3,4.3,4.0,61.5,Gnar,122,3.2,4.2,4.1,33.3,0.0015893411465387
어리고싶다,Jayce,247,5.7,6.2,4.6,51.4,Jax,128,4.7,5.8,3.8,49.1,Fiora,134,6.0,5.1,3.3,57.1,0.0015891591615881
Sasuke Uchiwa,Renekton,578,5.5,5.5,5.5,43.5,Udyr,415,5.3,4.6,10.1,75.0,Maokai,340,4.4,4.9,12.8,85.7,0.0015884202061881
gymslacker,Gangplank,471,5.6,4.5,6.4,76.9,Gragas,413,5.5,4.7,8.5,69.2,Olaf,308,6.5,6.2,5.5,69.2,0.0015867908019331
Necromartin,Jayce,66,0.0,0.0,0.0,54.9,Gnar,11,5.0,4.8,6.2,52.4,Karma,7,4.2,3.8,6.4,48.6,0.0015849672791043
1vsAll,Xin Zhao,280,4.8,4.6,3.5,56.8,Jax,4,4.6,4.2,3.8,64.9,Alistar,13,1.9,3.2,6.4,42.4,0.0015848528216658
Qwacker,Renekton,454,7.1,5.9,5.1,52.9,Darius,88,7.1,4.4,3.9,51.6,K'Sante,503,7.0,4.1,6.6,70.4,0.0015806865484802
PHẤN ĐÀO,Jayce,10,6.2,5.6,5.0,52.6,Fiora,56,5.8,5.6,4.1,52.9,Jax,29,6.7,4.8,4.2,62.8,0.0015778233142749
KAURUYPQTY,Jayce,366,6.3,4.9,4.6,59.5,Gangplank,201,7.0,3.5,6.0,80.8,Olaf,153,6.2,4.4,5.2,61.5,0.0015760272500685
Mr White,Yorick,48,4.3,5.1,3.5,57.6,Cho'Gath,2,5.4,5.1,5.4,66.7,Gangplank,6,6.3,6.3,7.3,50.0,0.0015723467508397
Gear 5 God Nika,Gangplank,72,7.2,5.2,7.4,68.2,Aurelion Sol,696,6.0,5.9,7.0,46.3,K'Sante,18,6.3,4.2,9.6,72.0,0.0015719746518618
horderrr,Jax,429,5.7,4.8,4.9,56.7,K'Sante,31,3.5,3.9,6.0,54.5,Jayce,47,5.3,5.6,4.5,50.0,0.0015702687993935
FX Tay,Jayce,219,6.2,5.7,5.9,51.6,Jax,232,5.6,3.8,4.3,55.0,Renekton,852,7.2,3.2,5.4,72.2,0.0015700010628706
현기증나는사람,Yasuo,156,5.6,4.6,5.1,64.2,K'Sante,4,4.1,3.6,5.4,51.9,Jax,60,5.4,5.0,3.5,58.1,0.001567648895794
BL King Mantis,Olaf,636,8.6,6.8,3.5,61.1,K'Sante,38,5.7,5.1,5.8,46.5,Gnar,185,5.2,5.3,4.3,54.2,0.0015663171485653
Mei You Qing Xu,Sett,274,5.3,4.3,5.3,60.3,K'Sante,1011,3.0,4.9,4.7,46.9,Darius,9,5.4,3.7,3.4,70.6,0.0015658112557155
yddkbwp,Pantheon,249,7.9,4.7,5.4,75.0,Warwick,54,6.6,5.7,4.3,47.4,Dr. Mundo,554,4.1,4.3,4.0,73.3,0.0015655078314354
yddkbwp,Pantheon,254,7.9,4.7,5.4,75.0,Warwick,55,6.6,5.7,4.3,47.4,Dr. Mundo,562,4.1,4.3,4.0,73.3,0.0015655078314354
P42 Shadowsong,Akshan,89,7.5,3.6,5.2,70.2,Fiora,30,5.4,3.7,4.5,64.3,Kayle,2,6.5,4.2,5.5,76.9,0.0015632647659061
meololi,Jax,82,7.1,5.4,4.2,68.3,Irelia,1079,8.9,7.2,5.4,55.6,Gangplank,2,8.8,6.8,6.6,75.0,0.0015631905226932
41205,Warwick,499,7.7,4.8,4.3,55.0,Rumble,480,7.5,2.9,6.1,60.0,Camille,235,5.3,4.8,5.6,80.0,0.0015628314606853
undertheironsea,Jax,463,5.2,4.3,4.0,57.6,K'Sante,20,3.3,3.7,6.1,57.5,Gangplank,44,5.5,4.6,6.5,48.4,0.0015627256968852
My Angel Yuchan,Irelia,148,5.9,5.8,4.0,55.6,Jayce,232,6.0,5.0,5.5,50.0,Gangplank,248,6.4,5.7,5.5,61.1,0.0015620324204431
yddkbwp,Pantheon,254,7.9,4.7,5.4,75.0,Warwick,55,6.6,5.7,4.3,47.4,Dr. Mundo,562,4.1,4.3,4.0,73.3,0.0015618478970365
yddkbwp,Pantheon,249,7.9,4.7,5.4,75.0,Warwick,54,6.6,5.7,4.3,47.4,Dr. Mundo,554,4.1,4.3,4.0,73.3,0.0015618478970365
갈과 배 음료,Renekton,240,4.5,3.5,4.6,53.0,Rammus,36,3.7,2.9,9.4,66.0,Sett,5,4.0,4.2,5.8,53.3,0.001561777348925
Randy VI,Yone,192,6.8,4.4,6.0,62.5,Jax,169,6.4,4.5,3.9,62.5,K'Sante,78,2.9,4.0,5.7,22.2,0.0015608088150081
Allo1,Jayce,329,5.0,6.1,4.8,48.8,Jax,195,6.7,4.3,4.4,69.4,Kayle,122,4.8,5.2,4.8,39.3,0.0015600854324781
Hakari,Fiora,355,5.4,5.1,4.3,55.1,Camille,23,5.0,5.5,5.7,55.9,Irelia,165,6.5,6.6,6.1,50.0,0.0015535623451872
워키라카토키,K'Sante,338,3.3,3.6,5.7,50.6,Jayce,98,5.5,5.2,6.4,49.2,Jax,160,4.4,4.1,4.5,58.8,0.0015524718423603
Hobbi,Jax,53,6.9,3.1,3.9,58.5,Tryndamere,48,7.1,1.8,3.2,64.9,Darius,7,7.4,2.5,2.7,65.2,0.0015494437138912
lasovademesmeris,Pantheon,26,9.1,4.9,5.4,70.7,Veigar,1,7.1,4.1,5.5,46.2,Kennen,166,6.8,7.3,6.3,27.3,0.0015492257190365
ANTETOKOUNMPO 34,Jayce,355,5.7,6.0,5.6,47.6,Jax,63,6.2,4.6,4.0,60.6,Camille,196,6.7,5.3,5.9,65.2,0.0015491961702669
꼬집어,Rumble,192,5.7,5.0,6.5,51.6,Gangplank,67,5.3,5.9,5.5,51.9,Aatrox,77,4.8,5.1,5.7,53.8,0.001548252562336
timed,Gangplank,67,5.2,4.5,7.2,63.0,Camille,786,6.5,5.3,6.8,57.7,Akshan,9,3.0,6.3,4.8,16.7,0.001546174888353
RISE Vidal,Fiora,409,5.1,5.0,4.2,66.7,Jax,1154,4.9,7.1,3.7,56.5,Ornn,194,3.3,4.0,8.1,57.1,0.0015458517096702
千裡獨行,Darius,37,6.8,4.5,4.3,59.0,K'Sante,798,4.3,4.8,6.7,51.7,Sett,7,5.1,5.6,4.6,49.4,0.0015456908969338
xAnubisDarkx,Mordekaiser,91,6.0,4.3,4.6,57.6,Malphite,651,3.6,4.5,7.0,46.7,Udyr,4,4.2,3.8,4.7,55.6,0.0015450687772312
Antcliff,Riven,735,6.4,4.1,3.8,57.4,Fiora,9,4.2,5.3,3.6,41.7,Irelia,130,5.7,5.9,3.7,55.2,0.0015433727549645
Kitanø,Olaf,673,4.8,3.8,4.6,57.1,Kled,62,5.0,4.3,6.1,58.0,K'Sante,22,2.7,3.2,5.0,45.0,0.0015431889021007
Quinncidence,Gangplank,360,5.9,4.4,7.3,60.9,Jayce,1134,4.7,4.8,6.9,68.4,Malphite,568,3.8,3.6,5.9,64.3,0.0015431037528167
your daddy girl,Sett,215,6.0,7.0,11.0,56.3,Mordekaiser,1287,6.2,4.9,6.0,63.9,Jax,16,5.5,4.7,4.6,33.3,0.0015423240313975
jax w da blicky,Jax,603,5.1,4.2,3.7,61.4,Nocturne,12,6.5,3.7,9.6,72.7,Garen,37,4.3,3.8,4.2,66.7,0.0015417802136584
jax w da blicky,Jax,563,5.2,4.2,3.8,61.8,Nocturne,11,6.5,3.7,9.6,72.7,Garen,34,4.3,3.8,4.2,66.7,0.0015417802136584
jax w da blicky,Jax,563,5.2,4.2,3.8,61.8,Nocturne,11,6.5,3.7,9.6,72.7,Garen,34,4.3,3.8,4.2,66.7,0.0015410388252775
jax w da blicky,Jax,603,5.1,4.2,3.7,61.4,Nocturne,12,6.5,3.7,9.6,72.7,Garen,37,4.3,3.8,4.2,66.7,0.0015410388252775
happy sally,Yasuo,27,4.0,4.0,2.0,58.2,Yone,4,8.0,6.0,3.0,60.0,Akali,3,5.0,3.0,6.0,50.0,0.0015393041164358
Zac ou Dodge,Zac,320,4.7,3.9,7.4,54.2,Veigar,24,4.0,5.1,4.5,40.0,Alistar,1121,4.2,7.3,7.5,66.7,0.0015384433313178
뭐라고번역하지,Fiora,378,4.7,4.5,3.2,53.0,Jax,54,4.4,4.9,3.3,57.4,Graves,61,7.3,4.1,7.4,66.7,0.0015382229169842
Mothérs Milk,Udyr,133,5.6,3.6,8.1,57.3,Zac,17,4.1,3.1,7.0,62.7,Jax,23,6.3,4.7,3.3,45.5,0.001537693143554
Yumeko,Jax,37,7.8,3.9,4.9,63.5,Sejuani,2,4.1,3.6,9.5,36.8,Renekton,174,5.8,3.6,5.4,62.5,0.0015374015402926
l Uta l,Irelia,279,6.1,6.7,4.0,54.2,Pantheon,1272,6.9,5.4,5.0,45.3,Rengar,51,6.2,5.5,4.6,56.6,0.0015371096238222
TOP GRAND CANYÔN,Fiora,267,5.7,5.2,3.8,46.3,Volibear,175,4.7,4.1,4.4,64.5,Jax,30,6.8,4.9,4.4,60.9,0.0015363690030049
gajah strawberi,Zac,169,4.0,4.2,8.3,65.1,Rumble,4,6.3,6.8,7.1,42.9,Illaoi,169,3.9,7.6,3.6,58.3,0.0015360860620038
Suzuran,Darius,164,7.3,3.6,4.0,66.7,Sett,19,5.5,4.0,5.9,58.1,Jax,64,6.3,4.5,4.8,52.2,0.0015342869653033
DieThal,Rumble,157,5.1,3.4,7.0,53.5,Camille,52,4.2,2.9,5.4,63.8,Kennen,3,4.4,3.6,5.4,77.8,0.0015333665033496
Lumerion,Jax,698,5.6,4.6,3.8,59.5,Sion,52,3.2,5.1,4.9,51.9,Olaf,35,5.8,5.1,4.1,69.6,0.0015309927255065
지저스 버돌,Jayce,218,4.7,5.9,4.4,58.8,Jax,782,5.2,4.5,3.1,48.4,Azir,1109,4.8,4.9,5.4,78.3,0.0015306728749295
RespectNuguri,K'Sante,314,5.4,5.0,6.6,60.8,Jayce,6,7.7,6.0,6.1,76.7,Jax,2,5.3,6.2,3.6,37.8,0.0015303433270961
Cego,K'Sante,410,5.2,3.1,6.5,59.8,Gnar,4,4.1,3.6,4.0,47.2,Aatrox,85,6.0,3.9,4.8,45.8,0.0015284137948087
Begìn Agaìn,Camille,40,7.1,4.9,5.4,64.7,Ezreal,39,9.5,5.4,8.5,76.9,Twitch,44,10.6,8.8,9.5,63.6,0.0015267920349343
Swaggy,K'Sante,691,4.2,3.0,6.3,58.8,Wukong,11,5.0,3.6,4.9,54.3,Sion,166,2.3,4.6,8.9,60.0,0.0015260005001547
MykeOxLong,Sion,36,4.2,4.6,7.8,62.2,Sett,2,4.5,5.1,5.5,54.5,Mordekaiser,6,4.7,5.3,4.2,45.8,0.0015244884885636
화려한 솔로킬,Riven,288,4.3,3.7,4.7,64.9,Jayce,1,4.0,4.9,5.2,49.3,Renekton,309,4.2,4.8,5.5,58.0,0.001523196289686
duII,Vladimir,39,8.0,4.6,5.6,61.2,Aatrox,42,5.8,5.6,5.9,50.0,Jayce,3,8.2,7.7,5.3,33.3,0.0015224157737146
Fiorajj focado,Fiora,377,5.8,6.1,3.9,54.6,Jax,30,6.3,6.0,3.8,42.4,Gwen,106,3.9,6.8,3.5,50.0,0.001522267879425
10데스 박을게,Lee Sin,252,7.1,4.0,6.0,60.3,Gangplank,45,5.2,3.8,5.3,51.9,Rengar,69,4.4,3.6,4.1,57.4,0.0015205514537591
Banderas,Jax,393,5.9,5.2,3.8,60.0,Gwen,533,4.4,3.6,3.8,65.5,Fiora,59,6.4,5.6,4.8,58.6,0.0015197451054545
0R NOIR PART II,K'Sante,817,4.3,4.7,5.8,59.1,Lee Sin,88,7.1,5.4,5.8,57.1,Gragas,143,4.2,4.3,5.3,65.4,0.0015195615546532
qxcfgooh,Renekton,284,6.1,4.6,5.2,59.6,Jax,7,5.3,4.3,3.4,62.8,Gangplank,46,4.9,4.9,5.4,43.2,0.0015163076617044
zihsihderen,Jayce,379,5.7,4.5,7.0,68.6,Jax,201,4.1,4.4,4.8,57.9,Sion,3157,2.9,3.3,7.4,57.1,0.001516194334987
Soumaaa,Aatrox,116,5.9,4.4,5.3,55.8,Irelia,11,7.8,6.5,5.8,61.3,Renekton,276,6.2,5.1,5.1,53.6,0.0015151130720369
Ninø Nakano,Sion,60,4.5,6.7,6.7,53.2,Ahri,290,5.9,3.2,8.6,71.4,Aurelion Sol,9,7.3,5.5,8.7,63.6,0.0015148963554761
SUPERJUUZOU,Jax,242,5.8,5.4,4.3,63.5,Gnar,15,4.3,4.5,4.2,51.1,K'Sante,68,4.2,4.0,7.0,51.7,0.0015136276325595
eclipse1,Jayce,290,7.1,5.9,5.3,56.8,K'Sante,126,6.2,3.2,6.6,85.0,Akshan,20,6.6,5.5,4.7,54.5,0.0015131661156384
1134 2 09,Jax,623,5.7,4.1,3.2,53.0,Renekton,101,6.1,4.2,4.9,54.3,Ornn,35,2.8,2.8,5.9,60.0,0.0015131165795262
halun1,Jayce,185,5.1,6.2,4.5,53.8,Irelia,1790,6.7,6.9,3.5,42.3,Aurelion Sol,628,6.2,3.0,8.3,73.9,0.0015123260086297
Johnny Sins IRL,Skarner,61,4.1,3.6,8.3,66.3,Kled,923,9.8,3.0,6.5,71.4,Galio,3,5.6,7.0,10.9,12.5,0.0015104654123401
need patience,Jax,555,5.6,5.1,3.4,67.3,Gangplank,6,6.1,6.3,6.2,52.4,Irelia,273,6.7,6.5,3.6,61.0,0.0015054213359196
Black Sky324,Jax,963,5.7,4.5,3.7,61.3,Nasus,28,4.8,3.9,4.6,48.8,Olaf,24,4.6,6.1,4.7,51.4,0.001504106676177
Black Sky324,Jax,932,5.7,4.5,3.7,61.3,Nasus,31,4.8,3.9,4.6,48.8,Olaf,22,4.6,6.1,4.7,51.4,0.001504106676177
Black Sky324,Jax,963,5.7,4.5,3.7,61.3,Nasus,28,4.8,3.9,4.6,48.8,Olaf,24,4.6,6.1,4.7,51.4,0.001503470113441
Black Sky324,Jax,932,5.7,4.5,3.7,61.3,Nasus,31,4.8,3.9,4.6,48.8,Olaf,22,4.6,6.1,4.7,51.4,0.001503470113441
Omri,Gangplank,364,7.2,4.8,6.5,61.5,K'Sante,329,6.0,3.0,7.5,66.7,Jayce,99,6.8,4.3,6.7,61.9,0.0015027232955067
Va por ti Vera,Udyr,109,4.1,5.1,7.3,63.6,Hecarim,7,7.5,5.8,8.3,56.5,Jayce,12,7.3,7.4,6.4,52.8,0.0015025212163066
おけつ,Ornn,18,3.3,4.1,8.7,57.1,Rumble,3,6.9,4.3,8.4,58.5,Akshan,2,8.1,4.9,6.3,52.5,0.0015022741032303
Neit Ackerman,Akshan,42,6.7,4.3,5.4,55.3,Jayce,10,4.0,5.3,5.7,58.3,Wukong,1279,5.3,4.4,5.3,33.3,0.0014993579280036
Emperor penguin1,Jayce,160,4.7,4.9,4.5,50.4,Jax,146,5.5,4.9,4.2,55.3,Fiora,73,4.8,4.5,3.9,46.7,0.0014987838524233
No longer love,Jayce,190,5.6,5.2,4.7,50.0,Wukong,1737,8.3,5.0,7.9,78.3,K'Sante,123,3.9,3.2,4.4,52.9,0.0014986746614474
ubORŃaya,Ornn,42,3.5,2.9,8.5,62.7,Dr. Mundo,1,4.5,3.3,5.9,58.3,Zoe,93,7.0,3.1,7.9,44.4,0.0014974001285861
Vizícsacsi,Jax,663,5.3,5.5,5.2,54.5,Poppy,1626,5.9,4.0,8.2,66.7,Gwen,232,4.9,4.5,5.4,50.0,0.0014953920300732
ILikeTheTrueDMG,Fiora,228,7.2,6.9,4.2,60.2,Lillia,6,5.1,5.7,4.3,50.0,Kindred,378,6.4,7.7,6.8,69.2,0.0014926611843472
woo walk,Riven,33,7.2,4.7,4.7,57.5,Renekton,121,6.7,4.7,4.1,57.4,Shen,6,4.3,4.1,9.5,55.6,0.0014921500541758
sr egg in sag,Darius,199,5.9,4.1,4.8,58.8,Cho'Gath,11,5.2,2.7,7.5,69.6,Warwick,51,4.0,3.3,4.6,69.6,0.0014911192977802
半夏微凉,Darius,25,8.0,5.8,4.4,54.6,Jax,1,7.1,5.8,4.2,57.6,Aatrox,1,6.1,5.9,4.7,40.4,0.0014907569801575
すまん,Rengar,23,8.6,5.7,4.9,45.3,Darius,8,6.0,4.5,4.0,62.9,Olaf,8,8.6,4.6,5.4,75.0,0.0014904359186721
Denathor,K'Sante,328,5.5,3.7,5.1,65.9,Gnar,5,6.2,4.7,5.8,54.2,Sejuani,10,5.2,3.8,5.9,52.0,0.0014884872194434
SAVALLAHTROX,Aatrox,46,7.7,5.0,5.9,65.4,Pyke,103,8.0,6.2,9.5,48.6,Gangplank,3,8.8,6.7,5.9,60.0,0.0014883295627288
중졸히키아싸씹덕,Irelia,447,5.0,5.7,4.1,56.6,K'Sante,34,6.0,3.9,7.3,70.7,Jax,11,4.0,4.6,2.7,53.8,0.0014874711931212
WhiteKnight108,Lee Sin,869,5.6,4.3,7.0,44.0,K'Sante,1675,4.2,3.4,6.0,61.9,Gragas,427,4.1,3.2,6.5,30.0,0.0014852824682765
더기 김경덕,Rengar,253,5.9,4.5,4.7,54.6,Malphite,60,3.5,3.8,5.8,50.0,Maokai,18,2.4,4.6,8.8,56.8,0.0014844812824778
송창근SONG,Jax,381,4.1,3.6,2.8,49.3,Jayce,128,5.6,5.7,4.2,46.8,K'Sante,254,3.3,3.1,5.3,65.0,0.0014844504759057
Coniy,Gangplank,132,8.2,6.0,6.3,48.8,Irelia,1041,5.9,7.0,4.7,55.0,Camille,83,6.3,5.8,5.3,55.6,0.001482648231849
Dodosu,Darius,175,6.7,4.6,4.5,55.4,Jayce,66,8.1,5.8,5.9,53.6,Jax,38,6.9,4.3,4.3,65.4,0.0014813282364477
Federals1,Sett,75,7.3,6.0,3.9,47.8,Dr. Mundo,49,6.1,4.6,3.2,50.0,Olaf,37,8.2,6.8,2.9,61.7,0.0014812940419778
百無聊賴小鯨魚,Riven,55,7.0,5.6,4.3,62.0,Sett,130,6.1,5.6,5.8,64.7,Jax,6,5.4,6.2,3.2,44.0,0.0014810000714396
sgssrdbn,Gangplank,152,5.9,5.7,6.0,55.2,Jax,198,6.1,4.0,5.2,67.9,K'Sante,46,3.4,4.2,7.2,48.0,0.0014791890847033
Cerillito Casti,Irelia,104,7.2,6.1,4.6,54.9,Jax,1214,6.0,6.2,4.5,50.0,Jayce,15,7.1,6.0,6.1,51.9,0.0014780052543717
PeladoHunter69,Riven,301,6.9,5.3,5.0,64.6,K'Sante,12,5.1,4.7,7.2,51.7,Renekton,125,6.7,4.7,4.8,50.0,0.0014759280089029
Kikulot1,Irelia,203,5.6,5.4,4.5,59.5,Camille,83,5.4,5.0,5.8,57.5,Renekton,129,4.7,3.6,3.7,61.5,0.0014751335172565
지응성,Irelia,517,6.0,6.2,5.0,43.9,Yone,146,5.9,5.1,4.8,60.0,Jayce,21,5.8,6.2,5.5,54.1,0.0014751092129799
지응성,Irelia,519,6.0,6.2,5.0,43.9,Yone,146,5.9,5.1,4.8,60.0,Jayce,21,5.8,6.2,5.5,54.1,0.0014751092129799
지응성,Irelia,519,6.0,6.2,5.0,43.9,Yone,146,5.9,5.1,4.8,60.0,Jayce,21,5.8,6.2,5.5,54.1,0.0014740896182124
지응성,Irelia,517,6.0,6.2,5.0,43.9,Yone,146,5.9,5.1,4.8,60.0,Jayce,21,5.8,6.2,5.5,54.1,0.0014740896182124
Cowfan,Illaoi,678,5.4,4.3,4.6,56.3,Mordekaiser,873,3.9,3.4,3.4,40.0,Shen,10,2.3,2.6,9.4,50.0,0.001473734896252
Cowfan,Illaoi,668,5.4,4.3,4.6,56.3,Mordekaiser,852,3.9,3.4,3.4,40.0,Shen,10,2.3,2.6,9.4,50.0,0.001473734896252
Ágni Kái,Sejuani,29,5.0,5.5,9.4,60.6,Lee Sin,48,6.1,7.4,8.5,45.8,Jarvan IV,1,6.1,8.4,13.1,62.5,0.0014737053527122
movie trip,K'Sante,278,5.6,4.0,7.3,63.8,Jayce,5,6.7,4.8,5.1,67.4,Maokai,15,4.5,3.6,10.3,64.0,0.0014728637182387
Cowfan,Illaoi,678,5.4,4.3,4.6,56.3,Mordekaiser,873,3.9,3.4,3.4,40.0,Shen,10,2.3,2.6,9.4,50.0,0.0014717250761367
Cowfan,Illaoi,668,5.4,4.3,4.6,56.3,Mordekaiser,852,3.9,3.4,3.4,40.0,Shen,10,2.3,2.6,9.4,50.0,0.0014717250761367
Rivens feet,Aatrox,157,5.0,5.3,6.2,59.8,Riven,3,5.5,5.2,4.7,56.0,Ahri,7,4.2,4.1,6.9,55.9,0.0014682327621763
GE Diezly,Fiora,198,7.2,6.3,3.8,52.5,Viego,456,7.5,4.6,7.8,60.0,Zeri,13,9.0,6.0,5.1,45.5,0.0014679456527346
Senmary,Jayce,29,4.6,3.5,5.3,59.4,Gwen,2,4.0,2.7,4.2,59.1,Aatrox,15,4.2,3.6,3.4,38.1,0.0014660992025039
PCL,Jayce,514,5.2,6.8,5.1,44.2,Camille,182,6.8,5.6,5.1,55.0,Gangplank,113,5.9,7.4,5.4,70.0,0.0014660937673636
cczxzas1,Jayce,159,6.4,5.4,5.3,64.5,Jax,604,6.7,4.5,4.7,60.0,K'Sante,2172,3.7,3.0,7.4,75.0,0.0014644963066823
LDD1,K'Sante,62,3.5,3.2,6.8,56.5,Darius,139,6.3,3.4,4.0,64.0,Fiora,18,3.9,3.0,3.9,34.5,0.0014633420755681
El Chicø Sigma,Jayce,177,7.3,3.9,5.4,56.3,K'Sante,308,5.6,3.6,4.7,64.3,Renekton,111,7.0,4.7,4.2,60.0,0.0014625272517216
ech diu quai,Irelia,36,5.4,5.1,5.4,61.9,Renekton,852,4.4,3.5,4.9,64.9,Akali,73,7.5,4.1,5.6,57.1,0.0014622203878907
E GIRL KEFFIR,Fiora,56,6.9,5.8,3.9,59.6,Olaf,375,6.2,6.6,5.3,52.8,Jax,1,6.8,5.4,4.8,78.9,0.0014587707444744
aqwe,Renekton,56,5.2,4.6,4.2,56.7,Twisted Fate,14,5.0,4.4,7.3,57.7,Mordekaiser,80,6.0,5.5,4.2,66.7,0.001457254014438
Terrør,Gnar,390,4.6,5.4,5.6,62.1,Jax,2,7.3,6.5,3.8,54.7,K'Sante,133,5.9,5.4,5.9,46.7,0.0014570552906401
Yeet so Huge,Gangplank,110,7.9,6.1,6.7,64.4,Irelia,200,11.3,6.4,4.7,71.4,Sett,3,6.3,5.6,6.7,57.1,0.0014550576826721
Risace,Sett,47,6.7,5.4,6.0,59.0,Karma,165,2.3,5.7,13.5,54.3,Shen,3,4.7,4.7,10.1,60.9,0.0014543737256164
LFT Yuno,Gangplank,323,7.9,6.2,6.1,54.7,Kayle,19,4.4,4.0,3.3,58.8,Gwen,95,5.8,5.4,3.3,46.7,0.0014532500714733
LFT Yuno,Gangplank,331,7.9,6.2,6.1,54.7,Kayle,18,4.4,4.0,3.3,58.8,Gwen,95,5.8,5.4,3.3,46.7,0.0014532500714733
LFT Yuno,Gangplank,323,7.9,6.2,6.1,54.7,Kayle,19,4.4,4.0,3.3,58.8,Gwen,95,5.8,5.4,3.3,46.7,0.0014504704150746
LFT Yuno,Gangplank,331,7.9,6.2,6.1,54.7,Kayle,18,4.4,4.0,3.3,58.8,Gwen,95,5.8,5.4,3.3,46.7,0.0014504704150746
속고만살았나보다,Ryze,222,4.6,3.8,5.0,59.9,Quinn,6,4.9,5.5,4.1,43.2,Lucian,28,5.3,6.3,5.0,42.9,0.0014500424339885
HAALLOWEEN,Renekton,418,4.5,4.9,5.9,65.2,Gnar,68,4.2,4.1,5.3,36.8,Gragas,450,4.5,3.0,7.9,77.8,0.0014498977837597
Shadowest,Jax,120,6.1,5.3,3.7,50.0,Malphite,51,6.3,4.0,6.9,68.8,Sylas,54,8.1,6.0,7.7,60.0,0.001449392650173
Mini Cowboy,Ornn,180,3.4,3.1,8.1,67.6,Urgot,981,5.7,5.3,5.8,46.9,Jax,8,4.8,4.6,5.5,53.6,0.0014491809144057
Blazejoo,Olaf,236,5.3,4.9,4.5,62.5,Ornn,187,2.6,4.4,7.3,54.2,Alistar,273,1.8,5.5,8.7,54.5,0.0014491273297935
Blazejoo,Ornn,257,2.6,4.4,7.3,54.2,Olaf,274,5.3,5.0,4.3,60.9,Alistar,225,1.8,5.5,8.7,54.5,0.0014491273297935
NNJ Flynn,Jax,56,7.2,5.3,4.0,54.6,Riven,750,6.1,5.4,4.9,58.8,Fiora,7,5.5,4.0,4.1,65.2,0.0014459162420674
TTV Solitified,Jax,479,5.8,4.8,4.6,53.9,Fiora,37,4.4,4.8,3.8,51.8,Jayce,56,6.3,6.0,6.0,60.6,0.001444521924987
skygge kriger,Jax,441,4.5,3.9,2.9,46.4,Irelia,1563,7.0,5.2,3.9,69.2,K'Sante,324,5.1,2.8,5.2,52.2,0.0014437632088556
Orithkeeper,Riven,120,10.0,7.3,5.8,46.8,Yasuo,1492,7.1,8.1,5.2,39.5,Zed,43,10.5,7.8,8.5,41.0,0.001443449223485
Lyfaenia,Senna,426,5.8,4.4,11.2,65.3,Malphite,3,5.0,3.1,7.7,69.6,Ornn,45,2.5,2.4,7.0,60.0,0.0014423401394865
Teda98,Warwick,416,4.0,12.0,11.0,52.7,Cho'Gath,14,9.0,4.0,1.0,50.0,Alistar,210,6.0,3.0,7.0,100.0,0.0014408263163105
114477852,Renekton,374,4.2,3.4,4.6,64.7,Jax,124,4.2,3.6,4.2,45.5,Gnar,3125,2.8,3.0,2.9,36.4,0.0014398025351386
lanedom is back,K'Sante,33,6.5,3.5,7.8,73.8,Ornn,1225,6.3,4.6,11.0,56.3,Sett,1,9.4,4.3,5.8,75.0,0.0014391313309671
FUT StarScreen,K'Sante,378,4.6,4.2,5.4,51.0,Tryndamere,91,5.0,5.4,4.5,51.0,Jax,56,5.8,5.4,4.8,56.3,0.0014357021823766
Yöung Pablö,Riven,169,7.1,3.3,4.8,65.5,Jax,2,7.2,5.7,3.5,68.4,Rengar,166,6.7,4.8,5.3,58.3,0.0014351909106525
Ben Zen,Ornn,107,3.0,3.0,9.5,64.6,Olaf,886,5.5,6.0,4.1,49.0,Gragas,1,5.9,3.9,7.6,63.9,0.0014347847068038
Zero To 100,Shen,108,4.0,2.9,9.3,59.3,Jax,1,7.3,5.4,5.0,65.4,K'Sante,46,4.1,4.0,4.9,40.0,0.001433873544555
Tepeu,Ornn,310,1.0,10.0,18.0,57.8,K'Sante,6,1.0,3.0,7.0,58.3,Alistar,131,9.0,5.0,13.0,50.0,0.0014333527946388
TwiTv Fefes01,Jax,792,3.9,4.6,3.8,60.3,Fiora,44,3.6,5.1,3.6,42.9,Malphite,217,3.4,3.9,7.4,64.1,0.0014332623485245
ArchΦiend,Aatrox,192,8.0,5.5,6.0,60.3,K'Sante,89,6.9,5.3,7.5,64.3,Pantheon,8,9.4,7.4,6.5,56.8,0.0014324437317475
Blazejoo,Olaf,236,5.3,4.9,4.5,62.5,Ornn,187,2.6,4.4,7.3,54.2,Alistar,273,1.8,5.5,8.7,54.5,0.0014321886184082
Blazejoo,Ornn,257,2.6,4.4,7.3,54.2,Olaf,274,5.3,5.0,4.3,60.9,Alistar,225,1.8,5.5,8.7,54.5,0.0014321886184082
Thomâs Shêlby2,Irelia,542,7.4,6.4,4.9,58.6,Yasuo,41,6.5,6.1,4.9,52.0,Yone,79,7.0,5.5,4.7,56.3,0.0014317286096718
Zeri Agatsuma,Rengar,577,5.3,4.6,6.6,59.3,Gnar,20,4.3,5.2,6.4,56.9,Graves,3,4.8,4.2,5.8,48.4,0.001431217002939
istealurkneecaps,Volibear,143,5.5,5.3,7.1,67.6,Gwen,12,5.0,4.6,3.7,59.4,Shen,15,4.0,4.8,10.1,53.3,0.0014276725541647
istealurkneecaps,Volibear,140,5.5,5.3,7.1,67.6,Gwen,12,5.0,4.6,3.7,59.4,Shen,15,4.0,4.8,10.1,53.3,0.0014276725541647
istealurkneecaps,Volibear,143,5.5,5.3,7.1,67.6,Gwen,12,5.0,4.6,3.7,59.4,Shen,15,4.0,4.8,10.1,53.3,0.00142749699611
istealurkneecaps,Volibear,140,5.5,5.3,7.1,67.6,Gwen,12,5.0,4.6,3.7,59.4,Shen,15,4.0,4.8,10.1,53.3,0.00142749699611
Ghost7,Shen,105,3.3,3.9,9.9,58.5,Vladimir,58,5.6,4.4,5.6,54.9,Pantheon,4,5.0,7.2,5.1,33.3,0.0014258506545518
mqxsowhatt,Jax,257,6.1,6.2,4.3,57.1,Jayce,24,5.9,6.6,5.1,53.7,Fiora,32,5.0,5.9,3.8,41.7,0.001423532873044
UF Trollzelda,Jax,414,5.7,5.6,4.5,56.3,K'Sante,56,5.1,4.3,5.7,50.9,Sett,57,4.6,5.6,6.9,53.8,0.0014228064772431
WanBieJi,Fiora,346,5.6,4.6,3.8,56.3,Camille,299,5.5,4.5,5.0,58.6,Jayce,44,5.0,5.9,6.1,57.4,0.0014219699603576
Thermodynamics,Jax,207,5.5,2.9,4.0,64.6,Mordekaiser,297,6.3,2.6,5.4,61.5,Fiora,2,5.2,2.2,4.1,68.0,0.0014214253897976
Thermodynamics,Jax,213,5.5,2.9,4.0,63.9,Mordekaiser,301,6.3,2.6,5.4,61.5,Fiora,2,5.1,2.2,4.1,68.6,0.0014214253897976
Thermodynamics,Jax,213,5.5,2.9,4.0,63.9,Mordekaiser,301,6.3,2.6,5.4,61.5,Fiora,2,5.1,2.2,4.1,68.6,0.0014214129880931
Thermodynamics,Jax,207,5.5,2.9,4.0,64.6,Mordekaiser,297,6.3,2.6,5.4,61.5,Fiora,2,5.2,2.2,4.1,68.0,0.0014214129880931
garo2,Illaoi,515,5.5,6.7,4.0,55.7,Malphite,10,3.9,4.8,6.2,61.1,Garen,4,7.3,5.0,3.3,46.9,0.0014213659106197
Decøy,Gangplank,286,4.9,5.4,6.4,52.1,Gragas,49,4.0,3.8,6.4,60.4,Jayce,6,5.3,5.7,4.8,46.9,0.0014209475750996
Venour,Jayce,732,6.2,6.3,5.2,47.1,K'Sante,140,5.0,5.5,6.8,57.4,Gangplank,24,5.8,6.8,6.9,56.0,0.0014207820275414
54267,Renekton,393,3.3,3.8,4.3,53.8,Ornn,9,2.2,2.4,6.7,61.1,Garen,29,5.3,2.5,3.7,61.3,0.0014202606259934
二十一世紀太公望,Camille,171,5.3,5.7,4.0,50.0,Jax,423,5.8,5.8,3.9,73.7,Fiora,38,4.2,5.4,4.9,64.5,0.0014198917844737
hymenbuster73,Gangplank,36,9.2,6.0,6.5,60.9,Lee Sin,107,10.5,4.6,10.0,75.0,Sylas,4,6.9,4.9,6.4,40.0,0.0014187460279089
TheNumberIs7,Gnar,134,4.7,4.9,6.4,64.0,Jhin,1,6.3,5.9,9.9,44.7,Katarina,97,9.5,8.3,6.2,16.7,0.0014187150529878
LFT SHIHAN5,Darius,674,6.6,4.0,3.8,52.8,Aatrox,54,4.6,5.2,4.6,54.2,Jax,28,5.8,5.7,3.7,57.9,0.0014177220416741
小熊度甫,Fiora,154,5.0,3.7,4.5,60.0,Camille,3,5.8,4.4,6.0,57.4,Malphite,5,3.8,2.7,7.1,76.9,0.0014170191147038
RED Beta32,Jax,236,5.6,6.0,3.9,53.8,Olaf,43,6.3,4.7,3.6,57.1,Aatrox,22,6.2,6.2,5.4,62.2,0.0014163720995335
Another Love1,Jayce,467,5.6,6.2,4.8,56.1,Gnar,23,5.0,4.8,4.2,51.7,Jax,71,4.8,5.1,2.7,50.0,0.0014162456909006
tomasino,Irelia,76,6.1,5.1,4.6,60.0,Jax,466,5.4,5.1,3.4,47.4,Fiora,2,5.9,4.6,5.1,56.3,0.0014156675269808
EYŞÂŃ,Vladimir,99,6.4,4.1,4.9,51.3,Karma,10,3.9,4.0,10.3,55.8,Lee Sin,5,8.6,4.6,9.5,52.5,0.0014126790835122
KazeWind,Olaf,193,5.4,3.9,4.5,59.4,Gragas,750,3.4,3.5,7.7,61.4,Renekton,8,3.6,4.2,5.0,48.5,0.0014115792839499
KazeWind,Olaf,227,5.4,3.9,4.5,58.8,Gragas,663,3.4,3.4,7.7,62.2,Renekton,8,3.6,4.2,5.0,48.5,0.0014115792839499
Årcueid,Riven,192,6.4,3.8,4.0,67.2,Jayce,1,7.7,5.1,4.9,59.0,Fiora,17,6.0,5.4,2.6,40.6,0.0014105109884759
DON BARON,Olaf,368,6.4,6.0,4.9,60.9,Fiora,14,6.7,5.4,4.0,57.1,Gangplank,36,6.1,5.4,5.0,46.7,0.0014103785612461
nongbook2,Sett,27,6.5,6.4,5.6,57.5,Shen,1,4.4,5.3,11.8,65.9,Gragas,3,6.0,5.9,7.2,51.9,0.0014091090673998
shetoldme,Aatrox,37,7.1,5.9,7.6,63.0,Fiora,109,5.6,6.1,4.9,60.9,Ekko,11,8.5,5.0,6.8,65.2,0.0014077300154528
Rikako,Shen,43,4.1,4.1,12.5,63.2,Fiora,1,5.6,5.4,5.3,65.5,Irelia,2,7.8,5.2,5.5,63.6,0.0014071652493822
TTV KERBEROS LOL,Camille,888,5.9,6.1,4.9,51.1,Cho'Gath,325,5.0,4.8,3.9,52.3,Jayce,26,4.8,5.4,5.0,54.8,0.001406951085778
bodaZZZ,K'Sante,651,5.8,6.6,6.7,56.5,Jayce,30,7.2,7.0,5.3,57.5,Irelia,43,7.1,7.8,3.7,47.8,0.001406762394935
KazeWind,Olaf,227,5.4,3.9,4.5,58.8,Gragas,663,3.4,3.4,7.7,62.2,Renekton,8,3.6,4.2,5.0,48.5,0.0014067588383503
KazeWind,Olaf,193,5.4,3.9,4.5,59.4,Gragas,750,3.4,3.5,7.7,61.4,Renekton,8,3.6,4.2,5.0,48.5,0.0014067588383503
BOBtimer,Sejuani,624,4.8,4.3,8.4,56.0,Poppy,6,4.7,5.0,9.0,55.3,K'Sante,18,3.6,5.0,5.5,53.1,0.0014061445678699
YouShouldKnowMe,Jayce,349,5.9,6.3,5.4,56.5,K'Sante,59,5.1,4.2,6.3,63.8,Jax,41,4.2,4.7,3.6,52.2,0.0014054218002234
xiao xin nv ren,Illaoi,448,5.9,4.1,4.6,60.3,Aatrox,20,4.8,5.2,5.9,61.2,Volibear,2,4.8,4.4,5.3,51.0,0.0014037332586345
ZouSenpai,Ornn,56,3.1,3.0,7.6,60.4,Karthus,2,6.1,7.2,8.4,40.0,Zac,49,3.3,3.6,7.6,50.0,0.0014036406194553
ZouSenpai,Ornn,56,3.1,3.0,7.6,60.4,Karthus,2,6.1,7.2,8.4,40.0,Zac,49,3.3,3.6,7.6,50.0,0.0014033694559575
balkanzacc29,K'Sante,393,4.5,5.6,6.2,57.9,Urgot,23,6.3,6.8,3.8,51.5,Gwen,24,6.5,6.8,4.1,64.0,0.0014033131908138
CRINGE GAMER,Gragas,651,4.7,6.0,6.8,63.5,Twitch,5,10.6,7.9,8.5,59.2,Akshan,25,9.3,6.1,5.7,51.1,0.0014031873451227
CRINGE GAMER,Gragas,681,4.7,6.0,6.8,63.5,Twitch,6,10.6,7.9,8.5,59.2,Akshan,24,9.3,6.1,5.7,51.1,0.0014031873451227
IMT Revenge,Jayce,99,7.3,5.6,5.8,51.7,Sylas,382,5.4,4.5,6.5,47.1,Gnar,2178,5.3,4.0,5.8,68.8,0.0014031036899343
BurritoTopKing,Irelia,457,5.4,5.3,4.0,57.1,Gragas,23,3.2,4.0,6.0,49.3,Darius,37,4.5,4.6,3.9,49.0,0.0014017140762415
CRINGE GAMER,Gragas,681,4.7,6.0,6.8,63.5,Twitch,6,10.6,7.9,8.5,59.2,Akshan,24,9.3,6.1,5.7,51.1,0.0014012110247489
CRINGE GAMER,Gragas,651,4.7,6.0,6.8,63.5,Twitch,5,10.6,7.9,8.5,59.2,Akshan,25,9.3,6.1,5.7,51.1,0.0014012110247489
千鶴千鶴千鶴千鶴,Olaf,138,9.0,7.4,4.6,58.3,Renekton,13,8.0,7.2,5.9,54.1,Fiora,9,6.7,6.5,3.8,58.3,0.0014003790270043
White Snow,Viego,138,9.1,6.2,8.4,72.7,Thresh,136,2.4,3.4,17.7,100.0,Jhin,10,4.7,4.4,6.0,44.4,0.0013990806525736
White Snow,Rengar,327,5.9,4.4,4.8,54.9,Shen,31,3.1,3.9,9.7,66.7,Jax,81,5.5,5.6,4.3,48.3,0.0013990806525736
unplayable,Jax,725,5.3,4.6,3.2,62.1,Fiora,24,5.0,4.3,3.9,56.5,Jayce,28,5.2,5.3,4.5,51.4,0.0013987453573812
King Chup4pinga,Pantheon,221,8.0,5.0,6.6,59.7,Zac,231,5.9,4.2,11.3,70.8,Wukong,3,7.1,4.6,5.3,60.0,0.0013962950124869
Kęii,Gangplank,393,6.6,7.2,4.0,48.8,Jax,71,6.8,6.8,3.3,60.0,Aatrox,15,5.8,6.1,4.5,62.3,0.001395217370605
GO Ragner,Jax,53,6.9,4.6,4.9,60.5,Gangplank,219,5.5,5.0,5.5,50.0,Jayce,2408,6.4,5.3,5.2,65.2,0.0013944286622588
Rival,Riven,64,10.0,2.0,8.0,54.2,Renekton,6,14.0,4.0,3.0,38.0,Sett,6,7.0,4.0,9.0,66.7,0.0013887609281112
DLPW S1425713161,Fiora,88,6.4,7.0,3.4,44.4,Riven,71,7.7,6.2,4.4,61.1,Camille,50,4.2,7.2,5.2,38.5,0.0013863247994
DLPW S1425713161,Fiora,87,6.4,7.0,3.4,44.4,Riven,72,7.7,6.2,4.4,61.1,Camille,51,4.2,7.2,5.2,38.5,0.0013863247994
DLPW S1425713161,Fiora,87,6.4,7.0,3.4,44.4,Riven,72,7.7,6.2,4.4,61.1,Camille,51,4.2,7.2,5.2,38.5,0.001385539308334
DLPW S1425713161,Fiora,88,6.4,7.0,3.4,44.4,Riven,71,7.7,6.2,4.4,61.1,Camille,50,4.2,7.2,5.2,38.5,0.001385539308334
Xiaolaoshuzzz,Jax,437,5.4,4.9,3.4,59.5,Jayce,41,6.0,5.9,4.4,47.9,Gnar,217,3.5,4.8,4.2,57.1,0.0013830738756979
Xiaolaoshuzzz,Jax,436,5.4,4.9,3.4,59.5,Jayce,42,6.0,5.9,4.4,47.9,Gnar,216,3.5,4.8,4.2,57.1,0.0013830738756979
Xiaolaoshuzzz,Jax,436,5.4,4.9,3.4,59.5,Jayce,42,6.0,5.9,4.4,47.9,Gnar,216,3.5,4.8,4.2,57.1,0.0013828301822556
Xiaolaoshuzzz,Jax,437,5.4,4.9,3.4,59.5,Jayce,41,6.0,5.9,4.4,47.9,Gnar,217,3.5,4.8,4.2,57.1,0.0013828301822556
Darkdeka,Jax,290,6.7,5.2,4.1,57.1,Sett,10,3.5,5.4,4.6,42.9,Camille,34,5.9,5.3,5.4,52.6,0.0013807771011705
TTV zDevost,Camille,16,8.1,4.9,5.7,53.6,Fiora,1988,6.7,4.6,3.4,44.4,Irelia,126,9.1,5.3,5.1,58.8,0.0013806031193059
Sk8er Boi,Singed,65,3.6,4.5,7.5,56.6,Rammus,998,3.0,3.9,6.6,58.4,Pantheon,8,3.6,5.5,6.8,50.0,0.0013768180334445
MaruchanHabanero,Aatrox,748,5.2,4.6,4.8,54.3,K'Sante,432,3.5,4.9,6.6,61.8,Jax,99,5.0,4.5,3.5,54.8,0.0013758685939751
MaruchanHabanero,Aatrox,755,5.2,4.6,4.8,54.3,K'Sante,438,3.5,4.9,6.6,61.8,Jax,99,5.0,4.5,3.5,54.8,0.0013758685939751
terankoman1,Sion,96,4.2,5.4,6.6,57.3,Sett,1374,5.4,6.0,4.3,52.3,Olaf,10,8.2,8.1,4.3,50.0,0.001375558981069
MaruchanHabanero,Aatrox,755,5.2,4.6,4.8,54.3,K'Sante,438,3.5,4.9,6.6,61.8,Jax,99,5.0,4.5,3.5,54.8,0.001375268313617
MaruchanHabanero,Aatrox,748,5.2,4.6,4.8,54.3,K'Sante,432,3.5,4.9,6.6,61.8,Jax,99,5.0,4.5,3.5,54.8,0.001375268313617
Diavolo,Jayce,76,5.4,4.8,5.0,44.7,Irelia,11,6.6,4.9,5.2,62.2,Jax,4,5.0,4.2,4.2,56.3,0.0013750293026979
Perma Ban Kayle,Shen,147,3.5,3.5,11.9,65.5,Jayce,849,6.1,5.3,5.3,44.7,Gragas,5,4.6,3.5,8.2,63.9,0.0013739434462683
spiritual state,Viego,636,5.1,6.4,4.6,50.7,Sion,24,3.0,6.0,5.4,49.3,Gragas,22,4.2,5.8,7.2,58.2,0.0013725723197496
spiritual state,Viego,573,5.1,6.4,4.6,50.7,Sion,23,3.0,6.0,5.4,49.3,Gragas,23,4.2,5.8,7.2,58.2,0.0013725723197496
spiritual state,Viego,573,5.1,6.4,4.6,50.7,Sion,23,3.0,6.0,5.4,49.3,Gragas,23,4.2,5.8,7.2,58.2,0.0013701672554214
spiritual state,Viego,636,5.1,6.4,4.6,50.7,Sion,24,3.0,6.0,5.4,49.3,Gragas,22,4.2,5.8,7.2,58.2,0.0013701672554214
HARDFIST,Jax,613,6.6,6.1,3.9,56.3,Darius,29,5.6,5.0,3.7,59.8,Karthus,7,7.7,8.7,7.4,65.2,0.0013684649674844
HARDFIST,Jax,616,6.6,6.1,3.9,56.3,Darius,29,5.6,5.0,3.7,59.8,Karthus,6,7.7,8.7,7.4,65.2,0.0013684649674844
HARDFIST,Jax,616,6.6,6.1,3.9,56.3,Darius,29,5.6,5.0,3.7,59.8,Karthus,6,7.7,8.7,7.4,65.2,0.0013677755123985
HARDFIST,Jax,613,6.6,6.1,3.9,56.3,Darius,29,5.6,5.0,3.7,59.8,Karthus,7,7.7,8.7,7.4,65.2,0.0013677755123985
Masterian,Zed,115,8.3,4.8,6.5,65.6,Renekton,1174,6.1,5.1,5.7,65.2,Gangplank,43,5.6,5.0,6.8,61.1,0.0013651243540021
panda zzz,Riven,83,5.9,5.1,4.0,57.5,Jayce,9,6.7,5.4,5.2,56.4,Jax,9,6.2,4.8,3.2,59.5,0.0013637743016249
panda zzz,Riven,90,5.8,5.1,3.9,56.1,Jayce,9,6.7,5.4,5.2,56.4,Jax,9,6.2,4.8,3.2,59.5,0.0013637743016249
panda zzz,Riven,90,5.8,5.1,3.9,56.1,Jayce,9,6.7,5.4,5.2,56.4,Jax,9,6.2,4.8,3.2,59.5,0.0013633623093714
panda zzz,Riven,83,5.9,5.1,4.0,57.5,Jayce,9,6.7,5.4,5.2,56.4,Jax,9,6.2,4.8,3.2,59.5,0.0013633623093714
HiKaRi Yone36,Yone,37,6.3,3.9,4.8,61.6,Zeri,1703,10.9,5.1,5.7,66.7,Wukong,8,5.9,4.2,6.1,61.1,0.0013627169118143
BROK3N123,Illaoi,64,5.0,5.9,4.2,52.0,Soraka,2,1.6,5.0,13.4,50.0,Mordekaiser,25,3.5,5.1,4.1,53.3,0.0013600408843751
BROK3N123,Illaoi,63,4.9,6.0,4.1,52.8,Soraka,2,1.6,5.0,13.4,50.0,Mordekaiser,27,3.5,5.1,4.1,53.3,0.0013600408843751
BROK3N123,Illaoi,63,4.9,6.0,4.1,52.8,Soraka,2,1.6,5.0,13.4,50.0,Mordekaiser,27,3.5,5.1,4.1,53.3,0.0013593488977517
BROK3N123,Illaoi,64,5.0,5.9,4.2,52.0,Soraka,2,1.6,5.0,13.4,50.0,Mordekaiser,25,3.5,5.1,4.1,53.3,0.0013593488977517
FixDiff,Gnar,144,4.1,4.8,6.2,76.9,Shen,1577,4.9,5.6,9.0,70.0,Zac,37,5.2,4.2,15.2,77.8,0.0013591621124578
Anya Starlight,Ornn,310,3.9,3.6,7.9,68.8,Sion,335,4.0,3.7,6.8,60.9,Sejuani,12,3.5,4.6,7.8,45.0,0.0013562066425657
Anya Starlight,Ornn,315,3.9,3.6,7.9,68.8,Sion,343,4.0,3.7,6.8,60.9,Sejuani,13,3.5,4.6,7.8,45.0,0.0013562066425657
Anya Starlight,Ornn,315,3.9,3.6,7.9,68.8,Sion,343,4.0,3.7,6.8,60.9,Sejuani,13,3.5,4.6,7.8,45.0,0.0013553056657509
Anya Starlight,Ornn,310,3.9,3.6,7.9,68.8,Sion,335,4.0,3.7,6.8,60.9,Sejuani,12,3.5,4.6,7.8,45.0,0.0013553056657509
pzxctqw,Olaf,969,4.9,3.5,4.7,51.6,Camille,90,4.8,3.7,5.3,57.3,K'Sante,67,3.5,2.7,5.8,60.9,0.0013518162366504
Hanna 2K4,Graves,182,11.1,5.1,6.4,64.3,Pantheon,1671,11.5,4.0,6.2,78.6,Thresh,511,1.9,4.5,12.9,57.1,0.0013505724787621
bie yi han,Aatrox,603,4.6,3.5,5.6,65.6,Gangplank,618,7.1,5.3,5.8,55.6,Camille,4,6.1,4.7,4.5,31.4,0.0013471294842604
bie yi han,Aatrox,665,4.6,3.5,5.6,65.6,Gangplank,629,6.9,5.3,5.8,54.5,Camille,4,6.1,4.7,4.5,31.4,0.0013471294842604
bie yi han,Aatrox,603,4.6,3.5,5.6,65.6,Gangplank,618,7.1,5.3,5.8,55.6,Camille,4,6.1,4.7,4.5,31.4,0.001345601091737
bie yi han,Aatrox,665,4.6,3.5,5.6,65.6,Gangplank,629,6.9,5.3,5.8,54.5,Camille,4,6.1,4.7,4.5,31.4,0.001345601091737
Yoda Sansky,Jax,236,5.8,5.6,5.3,59.6,Malphite,9,3.2,3.8,8.7,64.3,Nasus,25,4.5,5.1,5.9,58.8,0.0013443996922207
ΤΟR,Shen,255,3.5,4.0,10.8,48.3,Irelia,137,5.8,5.3,5.0,50.9,Zed,58,7.1,4.4,7.1,53.1,0.0013440298715082
ΤΟR,Shen,255,3.5,4.0,10.8,48.3,Irelia,144,5.8,5.3,5.0,50.9,Zed,57,7.1,4.4,7.1,53.1,0.0013440298715082
ΤΟR,Shen,255,3.5,4.0,10.8,48.3,Irelia,144,5.8,5.3,5.0,50.9,Zed,57,7.1,4.4,7.1,53.1,0.0013435486727559
ΤΟR,Shen,255,3.5,4.0,10.8,48.3,Irelia,137,5.8,5.3,5.0,50.9,Zed,58,7.1,4.4,7.1,53.1,0.0013435486727559
Venhamin,Gangplank,211,5.5,6.4,4.4,42.9,Jayce,133,6.5,5.9,5.0,67.9,K'Sante,39,5.1,4.3,5.6,63.6,0.0013342196730704
Venhamin,Gangplank,207,5.5,6.4,4.4,42.9,Jayce,133,6.5,5.9,5.0,67.9,K'Sante,39,5.1,4.3,5.6,63.6,0.0013342196730704
Venhamin,Gangplank,211,5.5,6.4,4.4,42.9,Jayce,133,6.5,5.9,5.0,67.9,K'Sante,39,5.1,4.3,5.6,63.6,0.0013338177554977
Venhamin,Gangplank,207,5.5,6.4,4.4,42.9,Jayce,133,6.5,5.9,5.0,67.9,K'Sante,39,5.1,4.3,5.6,63.6,0.0013338177554977
Senkı,Irelia,180,9.2,7.3,4.1,60.2,Riven,1513,8.0,7.6,4.3,58.5,Akali,9,10.5,8.0,4.6,40.0,0.0013336275674202
Besso,Kled,746,5.8,4.8,7.1,57.9,Shen,13,4.5,3.7,9.1,58.5,Singed,9,4.4,4.4,6.8,52.8,0.0013324740144682
Besso,Kled,661,5.8,4.8,7.2,58.1,Shen,13,4.5,3.6,9.2,59.6,Singed,4,4.4,4.4,6.8,52.8,0.0013324740144682
Besso,Kled,746,5.8,4.8,7.1,57.9,Shen,13,4.5,3.7,9.1,58.5,Singed,9,4.4,4.4,6.8,52.8,0.0013296496911265
Besso,Kled,661,5.8,4.8,7.2,58.1,Shen,13,4.5,3.6,9.2,59.6,Singed,4,4.4,4.4,6.8,52.8,0.0013296496911265
little Aatrox,Darius,428,5.4,5.0,4.1,55.0,Sett,467,6.1,4.9,5.2,61.7,Aatrox,29,4.7,5.0,4.1,47.4,0.0013295141396224
rainy days,Elise,53,11.2,3.5,9.4,88.2,Gangplank,6,6.1,5.4,4.4,53.3,Yone,97,6.8,4.7,4.8,50.0,0.0013262743051201
rainy days,Elise,53,11.2,3.5,9.4,88.2,Gangplank,6,6.1,5.4,4.4,53.3,Yone,97,6.8,4.7,4.8,50.0,0.0013260263127909
ARAM,Jax,125,6.6,4.9,4.1,70.6,Gangplank,2509,8.1,5.7,6.4,60.0,Ryze,393,6.0,4.3,8.6,63.6,0.0013246044788011
Expelles,Poppy,688,3.7,4.0,6.6,49.4,Kled,15,5.9,5.0,7.8,61.5,Zac,6,4.0,4.5,8.5,50.0,0.0013226754091365
o temido bagre,K'Sante,632,5.0,3.5,6.7,51.7,Gnar,872,3.5,4.2,5.6,51.6,Sion,16,4.9,4.5,7.7,61.5,0.0013170197962473
o temido bagre,K'Sante,674,5.0,3.5,6.7,51.7,Gnar,851,3.5,4.2,5.6,51.6,Sion,16,5.0,4.4,7.8,60.0,0.0013170197962473
o temido bagre,K'Sante,674,5.0,3.5,6.7,51.7,Gnar,851,3.5,4.2,5.6,51.6,Sion,16,5.0,4.4,7.8,60.0,0.001316781725754
o temido bagre,K'Sante,632,5.0,3.5,6.7,51.7,Gnar,872,3.5,4.2,5.6,51.6,Sion,16,4.9,4.5,7.7,61.5,0.001316781725754
Soy Vegeta,Ezreal,220,7.6,8.1,6.9,43.8,Irelia,2125,5.4,7.3,3.7,53.3,Jarvan IV,864,8.1,5.3,12.9,64.3,0.0013113431904851
Split Push,Illaoi,58,5.0,5.9,3.1,63.5,Jax,172,4.1,5.4,4.2,59.3,Jayce,2,3.2,6.3,4.6,45.5,0.0013063966121792
Split Push,Illaoi,57,5.0,5.9,3.1,63.5,Jax,172,4.1,5.4,4.2,59.3,Jayce,2,3.2,6.3,4.6,45.5,0.0013063966121792
Split Push,Illaoi,58,5.0,5.9,3.1,63.5,Jax,172,4.1,5.4,4.2,59.3,Jayce,2,3.2,6.3,4.6,45.5,0.0013063386298247
Split Push,Illaoi,57,5.0,5.9,3.1,63.5,Jax,172,4.1,5.4,4.2,59.3,Jayce,2,3.2,6.3,4.6,45.5,0.0013063386298247
なつめです,Sion,33,3.6,4.0,8.9,67.2,Jayce,1,5.5,6.3,5.3,55.6,Gwen,28,4.9,4.9,4.4,60.0,0.0013002245396337
WindLoL,Olaf,340,7.5,4.6,4.5,61.0,Renekton,1624,6.6,4.5,4.1,55.4,Darius,27,5.6,5.5,4.5,58.8,0.001299888926911
Waku Waku Week,Olaf,651,6.0,4.5,4.7,54.8,Darius,1125,4.7,4.0,3.9,48.8,Karma,21,1.4,5.0,11.0,60.0,0.0012970005890341
Waku Waku Week,Olaf,644,6.0,4.5,4.7,54.8,Darius,1116,4.7,4.0,3.9,48.8,Karma,21,1.4,5.0,11.0,60.0,0.0012970005890341
Waku Waku Week,Olaf,651,6.0,4.5,4.7,54.8,Darius,1125,4.7,4.0,3.9,48.8,Karma,21,1.4,5.0,11.0,60.0,0.001296595961308
Waku Waku Week,Olaf,644,6.0,4.5,4.7,54.8,Darius,1116,4.7,4.0,3.9,48.8,Karma,21,1.4,5.0,11.0,60.0,0.001296595961308
wlzz,K'Sante,680,3.4,3.8,6.0,53.7,Darius,845,5.6,4.2,4.4,63.7,Aatrox,41,4.3,4.5,4.9,51.9,0.0012961128240862
wlzz,K'Sante,673,3.4,3.8,6.0,53.7,Darius,830,5.6,4.2,4.4,63.7,Aatrox,41,4.3,4.5,4.9,51.9,0.0012961128240862
Solarbacca,Gangplank,83,7.0,5.3,6.3,54.1,Yasuo,38,3.7,6.7,7.1,58.3,Irelia,425,4.4,7.3,4.4,33.3,0.0012954307812888
Kirov,Kled,83,6.6,5.3,5.9,55.6,K'Sante,2057,4.2,4.0,6.8,60.6,Sion,7,4.3,4.9,8.1,54.2,0.0012948380608541
BeteIgeuse,Riven,163,6.5,5.7,4.6,62.5,Jayce,112,7.2,6.5,2.9,46.2,Lee Sin,2622,5.7,5.5,7.7,50.0,0.0012946075958484
wlzz,K'Sante,680,3.4,3.8,6.0,53.7,Darius,845,5.6,4.2,4.4,63.7,Aatrox,41,4.3,4.5,4.9,51.9,0.0012940975259282
wlzz,K'Sante,673,3.4,3.8,6.0,53.7,Darius,830,5.6,4.2,4.4,63.7,Aatrox,41,4.3,4.5,4.9,51.9,0.0012940975259282
Find Team,Camille,441,5.6,3.5,4.5,56.3,Sion,12,2.9,3.7,6.6,50.0,Ashe,31,2.6,4.1,9.0,48.0,0.0012803437739007
Pichu,Poppy,337,4.9,6.6,7.1,54.5,Sona,3,2.5,7.3,13.4,47.2,Lulu,104,1.8,4.9,9.1,55.6,0.0012740484698178
Helcrank,Aatrox,218,6.3,5.4,4.0,57.9,Jayce,1626,7.3,7.1,4.7,64.3,Tryndamere,31,6.6,5.1,2.4,57.1,0.0012660266127221
어쩌라고맞짱뜰까,Jax,121,3.8,5.2,3.0,39.5,Jayce,778,5.3,4.1,4.7,69.6,Fiora,779,5.1,5.4,4.9,50.0,0.0012656545709082
Shrek,Nunu y Willump,293,4.4,6.3,12.7,57.7,K'Sante,895,4.1,4.9,6.5,54.2,Ornn,37,3.2,3.6,7.3,55.6,0.0012550359601954
Shrek,Nunu y Willump,293,4.4,6.3,12.7,57.7,K'Sante,841,4.1,4.9,6.5,54.2,Ornn,38,3.2,3.6,7.3,55.6,0.0012550359601954
한국화약 황사장,Jax,75,4.4,4.9,3.5,71.9,Gangplank,264,5.5,3.4,7.1,61.9,Jayce,2781,6.3,6.2,6.4,55.0,0.0012529051714491
Shrek,Nunu y Willump,293,4.4,6.3,12.7,57.7,K'Sante,841,4.1,4.9,6.5,54.2,Ornn,38,3.2,3.6,7.3,55.6,0.00124980138796
Shrek,Nunu y Willump,293,4.4,6.3,12.7,57.7,K'Sante,895,4.1,4.9,6.5,54.2,Ornn,37,3.2,3.6,7.3,55.6,0.00124980138796
Geiger,K'Sante,743,5.0,4.4,7.9,50.0,Jax,454,5.1,4.3,4.9,50.0,Cho'Gath,3542,6.5,3.7,6.3,45.5,0.0012435630092767
Geiger,K'Sante,745,5.0,4.4,7.9,50.0,Jax,455,5.1,4.3,4.9,50.0,Cho'Gath,3563,6.5,3.7,6.3,45.5,0.0012435630092767
Geiger,K'Sante,743,5.0,4.4,7.9,50.0,Jax,454,5.1,4.3,4.9,50.0,Cho'Gath,3542,6.5,3.7,6.3,45.5,0.0012375389383049
Geiger,K'Sante,745,5.0,4.4,7.9,50.0,Jax,455,5.1,4.3,4.9,50.0,Cho'Gath,3563,6.5,3.7,6.3,45.5,0.0012375389383049
SappyMaskSalesmn,K'Sante,568,4.3,3.9,6.4,57.3,Fiora,23,4.6,4.4,3.3,58.3,Sejuani,123,3.5,5.1,9.1,53.8,0.0012359127627384
SappyMaskSalesmn,K'Sante,618,4.3,3.9,6.4,57.3,Fiora,25,4.5,4.5,3.3,57.1,Sejuani,149,3.5,5.1,9.1,53.8,0.0012359127627384
SappyMaskSalesmn,K'Sante,618,4.3,3.9,6.4,57.3,Fiora,25,4.5,4.5,3.3,57.1,Sejuani,149,3.5,5.1,9.1,53.8,0.0012328629673913
SappyMaskSalesmn,K'Sante,568,4.3,3.9,6.4,57.3,Fiora,23,4.6,4.4,3.3,58.3,Sejuani,123,3.5,5.1,9.1,53.8,0.0012328629673913
摳腳JO太郎,Singed,84,4.0,3.2,8.9,63.5,Darius,2155,6.0,3.5,4.3,48.6,Aatrox,2,5.1,3.4,5.8,51.2,0.0012306302579624
台服蠻王教科書1,Tryndamere,107,5.9,3.6,3.6,66.7,Olaf,2150,6.7,4.6,3.9,57.1,Darius,1,6.1,3.9,3.5,52.2,0.0012301935618989
Divinetheon,Pantheon,121,7.0,3.0,5.0,57.7,Aatrox,2802,10.0,7.0,5.0,33.3,K'Sante,16,9.5,6.4,7.2,14.3,0.0012301883822576
0NSUZ UCURUM,Aatrox,54,2.0,5.0,3.0,71.6,Gragas,2233,6.9,4.4,6.9,75.0,Nami,1,4.9,3.9,7.6,37.5,0.0012288451225083
recep ivedik OTP,Sylas,97,10.9,4.0,5.9,67.4,Yone,2152,7.3,6.2,4.9,57.1,Gangplank,11,9.4,7.3,5.4,59.3,0.001224209589965
OtpRiku,Darius,329,7.8,5.9,4.8,56.3,Olaf,1343,9.8,6.4,5.2,59.4,Nautilus,184,2.4,6.2,13.3,55.6,0.0012239820718678
OtpRiku,Darius,320,7.8,5.9,4.8,56.3,Olaf,1331,9.8,6.4,5.2,59.4,Nautilus,182,2.4,6.2,13.3,55.6,0.0012239820718678
OtpRiku,Darius,320,7.8,5.9,4.8,56.3,Olaf,1331,9.8,6.4,5.2,59.4,Nautilus,182,2.4,6.2,13.3,55.6,0.001222690067374
OtpRiku,Darius,329,7.8,5.9,4.8,56.3,Olaf,1343,9.8,6.4,5.2,59.4,Nautilus,184,2.4,6.2,13.3,55.6,0.001222690067374
Dương Phạm 15 HP,Jax,54,7.2,5.1,4.5,62.7,Twitch,2306,12.5,3.7,9.2,90.9,Gwen,11,9.5,4.1,4.5,87.5,0.0012187566189075
GARENK1NG,Garen,191,5.8,3.3,3.4,53.8,Pantheon,2367,6.3,4.8,4.6,57.1,Mordekaiser,14,6.1,3.5,4.2,52.6,0.0012181922549496
siornn,Ornn,42,3.3,3.4,8.1,63.9,Sion,2137,7.6,7.2,5.5,70.8,Gangplank,1,10.5,7.9,7.1,56.3,0.0012167661879345
Haka,Jax,211,8.8,6.0,3.9,71.4,Fiora,1733,7.5,5.7,5.0,75.0,Gwen,140,7.9,5.2,3.2,72.7,0.0012077594518211
Riven king,Riven,3,6.6,5.3,5.3,61.5,Nidalee,2440,6.0,5.4,9.1,57.9,Lee Sin,2,8.1,6.6,9.2,57.1,0.0012024925443267
ni lai wo siii,Jayce,207,5.7,4.5,4.5,52.2,Jax,2863,6.4,4.8,5.6,72.7,Fiora,457,5.6,3.9,2.9,68.4,0.0011997491649682
Δ Desperate,Kayle,3,4.0,3.0,4.0,61.4,Nasus,2457,6.1,3.3,4.1,57.8,Maestro Yi,6,6.7,3.2,5.2,38.1,0.0011980404428641
SK JENAX,Jax,528,5.0,4.1,4.7,63.6,Jayce,1070,6.4,5.2,6.3,43.8,Gangplank,2986,6.2,5.3,7.2,58.3,0.0011929479503373
Gantim,Jax,47,5.2,3.6,4.5,57.3,Camille,2607,4.7,3.8,5.2,64.0,Volibear,13,4.8,2.9,11.1,87.5,0.0011814160956111
ZRUXKNFNGI,Darius,510,12.6,4.5,4.3,80.0,Gangplank,399,9.8,8.1,3.9,57.1,Kalista,3942,8.6,5.6,3.2,41.7,0.0011769216928576
Thago,Kennen,522,5.4,4.7,5.4,53.2,Wukong,2249,5.1,5.4,5.6,42.9,Lulu,4,0.5,4.3,9.7,33.3,0.0011737062760223
Trùm top,Olaf,143,8.3,4.9,4.2,62.0,Lucian,2518,12.8,6.2,9.9,90.0,Ezreal,14,9.3,5.6,5.8,50.0,0.0011700810379795
b d l n,Jayce,64,4.9,7.3,4.6,42.9,Lee Sin,2337,8.0,4.1,5.1,60.0,Caitlyn,2529,6.4,6.6,8.9,50.0,0.0011626456587904
EIated,Jayce,271,5.9,4.6,6.8,60.6,Renekton,2804,5.1,4.7,4.9,61.4,Gwen,11,6.0,4.9,5.5,50.0,0.0011415734431544
mewinnersqueue,Jayce,624,5.7,6.0,5.1,55.8,Jax,2837,6.7,5.3,4.6,71.0,Gangplank,85,5.6,7.4,5.7,38.1,0.0011356313288783
Kem Bông,Sejuani,21,5.9,3.0,9.1,77.2,Nidalee,3311,6.4,6.6,10.0,38.5,Renekton,1,4.6,2.6,4.4,60.0,0.0011352681949155
Cylainius,K'Sante,431,4.0,3.9,6.1,54.0,Darius,2527,5.7,4.7,3.7,48.8,Ornn,38,1.8,3.4,7.1,62.5,0.0011319866248132
chunkyfart123,Udyr,706,3.3,4.1,6.4,58.2,K'Sante,2408,2.9,4.8,5.1,45.2,Ornn,31,2.3,4.9,9.2,52.6,0.0010995123792938
chunkyfart123,Udyr,703,3.3,4.1,6.4,58.2,K'Sante,2390,2.9,4.8,5.1,45.2,Ornn,31,2.3,4.9,9.2,52.6,0.0010995123792938
chunkyfart123,Udyr,706,3.3,4.1,6.4,58.2,K'Sante,2408,2.9,4.8,5.1,45.2,Ornn,31,2.3,4.9,9.2,52.6,0.0010968897351977
chunkyfart123,Udyr,703,3.3,4.1,6.4,58.2,K'Sante,2390,2.9,4.8,5.1,45.2,Ornn,31,2.3,4.9,9.2,52.6,0.0010968897351977
lExiledBladel,Shen,142,4.4,3.8,8.4,59.2,Ornn,3151,4.2,3.9,7.2,56.4,Gangplank,3,7.2,7.6,7.9,56.5,0.0010839816731822
速與我擊劍,Rengar,55,8.0,4.9,5.5,51.7,Sett,3165,6.8,5.3,6.0,64.3,Olaf,64,6.2,4.8,4.9,61.1,0.0010818744717498
Pákó Dlayer,Sett,286,7.5,7.1,5.0,52.3,Darius,2251,8.4,6.7,3.5,55.0,Mordekaiser,25,6.2,5.7,4.3,50.0,0.0010773215738522
Pákó Dlayer,Sett,284,7.5,7.1,5.0,52.3,Darius,2289,8.4,6.7,3.5,55.0,Mordekaiser,25,6.2,5.7,4.3,50.0,0.0010773215738522
Pákó Dlayer,Sett,284,7.5,7.1,5.0,52.3,Darius,2289,8.4,6.7,3.5,55.0,Mordekaiser,25,6.2,5.7,4.3,50.0,0.0010723349228684
Pákó Dlayer,Sett,286,7.5,7.1,5.0,52.3,Darius,2251,8.4,6.7,3.5,55.0,Mordekaiser,25,6.2,5.7,4.3,50.0,0.0010723349228684
TwTv KoKooPuffs,Sejuani,25,3.9,3.8,7.5,52.8,Irelia,3109,5.8,5.3,4.1,62.3,Poppy,12,3.8,4.1,6.6,62.7,0.0010663945159872
NOVO Lobellan,Ornn,975,2.8,4.5,8.7,55.6,Sett,2725,5.0,5.4,6.4,55.2,Shen,26,3.3,4.2,11.5,62.7,0.0010663577681479
NOVO Lobellan,Ornn,926,2.8,4.5,8.7,55.6,Sett,2642,5.0,5.4,6.4,55.2,Shen,27,3.3,4.2,11.5,62.7,0.0010663577681479
NOVO Lobellan,Ornn,975,2.8,4.5,8.7,55.6,Sett,2725,5.0,5.4,6.4,55.2,Shen,26,3.3,4.2,11.5,62.7,0.0010531531955393
NOVO Lobellan,Ornn,926,2.8,4.5,8.7,55.6,Sett,2642,5.0,5.4,6.4,55.2,Shen,27,3.3,4.2,11.5,62.7,0.0010531531955393
Riven Pidona,Riven,502,6.9,5.7,5.2,56.1,Fiora,3205,6.1,5.8,4.4,70.0,Irelia,39,4.9,6.5,4.1,45.5,0.0010530639804009
김민교만나면던짐,Akshan,220,7.6,5.5,5.2,64.4,Gangplank,8,5.6,5.2,4.7,59.1,K'Sante,1705,3.5,6.0,5.3,29.4,0.001041494380041
Sssuperset,Rengar,838,6.3,4.1,4.0,56.6,Mordekaiser,65,3.6,4.2,3.0,40.0,Jax,1823,3.3,3.8,3.3,38.9,0.0010312152621003
shogun123,Jayce,11,4.4,5.7,4.2,56.5,Fiora,9423,4.5,3.3,3.4,82.4,Caitlyn,709,6.8,5.2,7.1,50.0,0.0010195206153134
Desha,Jayce,267,5.8,6.2,5.1,51.6,Akshan,2673,9.1,5.8,5.3,73.1,Riven,9,6.3,3.9,3.2,42.9,0.0010179841112736
Desha,Jayce,249,5.7,6.1,5.1,51.6,Akshan,2677,9.0,5.7,5.3,74.1,Riven,9,6.3,3.9,3.2,42.9,0.0010179841112736
Легкий,Darius,92,8.1,4.5,4.3,59.1,Jhin,2926,7.6,4.8,8.4,51.9,Jax,3,5.4,5.7,3.7,66.7,0.0010169612175851
Tekken 8,Illaoi,575,5.0,4.8,3.9,60.6,Jhin,3626,8.1,5.3,9.8,50.0,Urgot,8,4.0,6.7,3.0,33.3,0.0010164465907875
Desha,Jayce,267,5.8,6.2,5.1,51.6,Akshan,2673,9.1,5.8,5.3,73.1,Riven,9,6.3,3.9,3.2,42.9,0.0010162372145687
Desha,Jayce,249,5.7,6.1,5.1,51.6,Akshan,2677,9.0,5.7,5.3,74.1,Riven,9,6.3,3.9,3.2,42.9,0.0010162372145687
草太先生,Gangplank,32,5.4,3.5,5.8,60.3,Sion,3783,1.9,2.3,5.2,62.5,Jayce,2,6.8,5.5,8.8,66.7,0.0010023417719434
cRa 11,Renekton,197,5.9,4.4,4.5,61.1,K'Sante,3948,5.0,3.8,8.5,60.0,Darius,24,6.9,5.3,4.8,47.8,0.0009713651868393
Vortum,Olaf,370,6.8,5.2,4.6,60.0,Akshan,4006,8.4,5.5,5.9,60.0,Gangplank,33,6.0,5.0,6.6,45.5,0.0009704344462591
Samuel Kim,Darius,509,6.1,3.9,4.2,62.0,Wukong,3878,6.4,4.3,5.9,49.2,Malphite,4,3.9,3.3,7.8,60.4,0.00096103089465
Samuel Kim,Darius,406,6.1,3.9,4.2,62.5,Wukong,3854,6.4,4.3,5.9,49.2,Malphite,5,4.0,3.3,7.9,62.2,0.00096103089465
VlaDzukill,Yasuo,186,5.9,5.9,4.6,56.8,Yone,4058,4.9,6.1,3.6,43.5,Irelia,19,7.5,7.3,3.6,40.0,0.0009589102578148
Samuel Kim,Darius,509,6.1,3.9,4.2,62.0,Wukong,3878,6.4,4.3,5.9,49.2,Malphite,4,3.9,3.3,7.8,60.4,0.0009577070396448
Samuel Kim,Darius,406,6.1,3.9,4.2,62.5,Wukong,3854,6.4,4.3,5.9,49.2,Malphite,5,4.0,3.3,7.9,62.2,0.0009577070396448
Cosmic Clown,Aurelion Sol,186,9.1,4.1,8.4,72.5,Sion,4257,4.5,5.8,6.7,57.7,Illaoi,14,6.5,6.4,3.6,62.5,0.0009542317483802
地上最暖男,Gnar,179,5.1,3.3,4.9,61.1,Gangplank,4216,6.4,4.4,7.1,76.5,Jayce,7,4.9,4.1,4.1,60.0,0.0009483503187949
살퀸레,Quinn,144,4.8,3.9,4.4,54.5,Tristana,8,3.7,3.9,4.4,46.2,Karma,2615,2.2,4.4,8.6,46.2,0.0009441504800913
NazZarusiek,Ornn,292,3.5,4.6,6.8,63.2,Malphite,3788,4.0,4.7,7.5,58.3,Jax,264,3.8,5.4,3.2,45.5,0.0009346614627548
NazZarusiek,Ornn,291,3.5,4.6,6.8,63.2,Malphite,3724,4.0,4.7,7.5,58.3,Jax,265,3.8,5.4,3.2,45.5,0.0009346614627548
半糖還是不甜,Malphite,153,4.3,4.2,7.5,61.5,Renekton,3223,4.7,4.0,5.3,59.1,K'Sante,22,2.7,3.2,5.6,50.0,0.000931706287114
NazZarusiek,Ornn,292,3.5,4.6,6.8,63.2,Malphite,3788,4.0,4.7,7.5,58.3,Jax,264,3.8,5.4,3.2,45.5,0.0009273722639265
NazZarusiek,Ornn,291,3.5,4.6,6.8,63.2,Malphite,3724,4.0,4.7,7.5,58.3,Jax,265,3.8,5.4,3.2,45.5,0.0009273722639265
Müneccîm,Gragas,125,7.3,5.7,7.9,62.5,Malphite,4382,6.0,4.9,9.4,64.7,Vladimir,10,6.6,6.1,5.4,50.0,0.0009231235237029
DUDA LINDA DMS,Fiora,242,7.0,5.3,2.8,56.8,Jax,4718,6.9,6.8,3.9,68.4,Kassadin,40,7.9,6.4,4.4,42.1,0.0009095908692067
PaoPaoPW YuJian,Camille,223,6.3,3.9,5.8,74.2,Fiora,4560,6.4,4.8,3.9,47.6,Irelia,1,6.5,5.5,6.5,69.2,0.0009083168691115
Yutaa,Kled,90,5.6,4.6,5.8,56.1,Shyvana,4615,5.1,5.2,5.7,52.5,Lillia,4,4.8,3.9,6.7,57.1,0.0008991181164615
lunacia,Jax,82,6.3,3.9,3.2,59.2,K'Sante,4668,5.2,3.3,5.9,69.6,Camille,25,4.7,4.8,4.2,53.8,0.000898650829881
我想當你的姬姬,Sion,59,3.4,3.2,8.2,63.5,Yuumi,10715,1.1,3.6,12.4,36.8,Swain,1,3.7,4.8,8.2,50.0,0.000885292683647
Pengunini,Pantheon,235,8.0,7.0,7.0,54.9,Garen,4379,7.2,5.6,5.5,60.9,Ezreal,12,7.8,6.7,7.5,45.7,0.000882304066172
Pengunini,Pantheon,201,8.2,7.2,7.0,57.4,Garen,4028,7.1,5.4,5.4,61.7,Wukong,11,6.4,5.8,5.5,50.0,0.000882304066172
ICON K chø,Irelia,145,7.3,6.5,5.7,50.0,Akali,4496,6.9,4.1,4.5,57.7,Fiora,31,6.3,4.3,4.5,56.7,0.0008766147235788
TOPKING,Riven,114,9.6,4.1,7.5,82.1,Jax,4945,8.8,4.1,4.7,58.8,Fiora,14,7.3,3.6,5.3,75.0,0.0008734835207748
Hiuu2 x Tmar,Irelia,192,9.8,4.2,4.3,68.2,Gragas,5095,6.1,3.9,6.5,55.6,Jax,939,9.0,5.8,5.7,54.5,0.0008582811780496
Pengunini,Pantheon,235,8.0,7.0,7.0,54.9,Garen,4379,7.2,5.6,5.5,60.9,Ezreal,12,7.8,6.7,7.5,45.7,0.0008498497140496
Pengunini,Pantheon,201,8.2,7.2,7.0,57.4,Garen,4028,7.1,5.4,5.4,61.7,Wukong,11,6.4,5.8,5.5,50.0,0.0008498497140496
The amazin spidy,Fiora,629,5.3,3.7,3.7,70.4,Jax,237,9.1,4.9,4.1,50.0,Gangplank,3271,7.3,4.1,6.3,46.7,0.0008441551263573
Trusts Me,Fiora,55,7.8,5.3,4.3,64.7,Jayce,5658,7.9,7.9,6.9,48.3,Aatrox,6,10.5,5.4,6.2,60.0,0.000843932532444
Allorim,Poppy,111,3.8,3.4,5.8,60.5,Neeko,7810,5.3,3.9,4.4,55.2,Shen,15,3.8,2.8,11.1,71.4,0.0008369219329245
oOYi一JiangOo2,Riven,58,6.2,4.3,3.5,51.8,Camille,5513,6.8,4.9,4.4,59.1,Fiora,21,5.5,4.1,2.8,59.5,0.0008349356992967
Azhy,Riven,509,5.3,4.0,4.6,59.7,Fiora,8,5.2,5.4,2.8,33.3,Camille,5103,5.8,5.4,5.8,54.5,0.0008334148503977
Panghi,Ornn,759,3.5,3.5,7.4,58.5,K'Sante,5343,3.5,4.3,5.6,66.7,Jax,25,5.9,5.5,3.3,41.7,0.000824373024097
You are Mine tea,Bel'Veth,592,4.8,5.7,5.8,55.9,Sett,5010,4.9,5.8,5.8,58.2,Kayle,11,3.2,4.8,4.0,40.0,0.0008208727435682
MegaJ,Ornn,171,2.4,3.5,7.2,60.5,Kennen,11304,5.5,4.7,5.5,59.3,Gwen,4,4.6,5.1,3.6,45.5,0.0008190928973562
Ascendant,Gnar,24,6.1,4.3,5.6,75.0,Jayce,6661,7.2,6.0,5.4,61.9,Kayle,10,7.1,4.8,6.0,73.7,0.000808946821472
Calcetin Sucio,Cho'Gath,181,5.7,4.5,5.8,58.7,Kled,6220,5.4,5.0,7.3,52.8,Nami,3,1.2,5.2,14.6,52.9,0.0008069371985816
GuizorPET,Sion,318,5.8,9.1,4.7,53.1,Gangplank,5895,8.5,7.2,5.7,56.9,Twitch,14,8.8,6.4,6.2,60.6,0.0008031180814124
Random 752937,Riven,237,5.7,6.0,4.2,55.6,Fiora,6150,7.1,6.9,5.6,58.8,Irelia,36,4.9,8.1,4.4,33.3,0.0007984117071117
Laines,Sett,54,6.4,5.6,4.2,52.1,Darius,8013,7.2,5.1,3.8,58.5,Yasuo,7,6.7,6.2,4.7,58.1,0.0007938902669487
6R Elokrix,Tryndamere,170,8.3,4.2,3.6,59.8,Fiora,7418,5.6,3.9,3.9,52.0,Olaf,3,5.6,4.8,3.2,61.5,0.0007895585892736
SRY TOP GAP 15FF,K'Sante,115,5.5,5.4,7.6,70.2,Aatrox,9284,7.1,6.1,5.6,61.5,Ornn,1,4.8,5.7,9.3,65.0,0.0007833364468892
Aruø,Renekton,108,3.9,2.8,4.7,61.9,K'Sante,7415,4.2,2.6,5.5,56.4,Aatrox,2,3.7,4.7,7.3,83.3,0.0007781521100153
Jeche,Kayle,263,6.7,4.4,5.8,76.9,Fiora,5768,3.6,5.0,4.1,50.0,Lucian,10,9.4,5.0,5.5,54.5,0.0007685486293892
Jeche,Kayle,268,6.7,4.4,5.8,76.9,Fiora,5790,3.6,5.0,4.1,50.0,Lucian,10,9.4,5.0,5.5,54.5,0.0007685486293892
Jeche,Kayle,263,6.7,4.4,5.8,76.9,Fiora,5768,3.6,5.0,4.1,50.0,Lucian,10,9.4,5.0,5.5,54.5,0.0007672021583785
Jeche,Kayle,268,6.7,4.4,5.8,76.9,Fiora,5790,3.6,5.0,4.1,50.0,Lucian,10,9.4,5.0,5.5,54.5,0.0007672021583785
Deathmaśter,Shen,139,4.7,4.8,11.5,60.0,Zed,11691,9.9,6.1,5.4,56.5,Vladimir,28,4.4,4.2,4.5,54.5,0.0007617399489564
YOUSEEBIGGIRL123,Camille,383,6.1,5.4,5.7,66.7,Sion,6581,5.5,5.8,5.1,54.5,Gragas,26,5.7,6.1,6.0,48.3,0.0007586705141105
Ruì,Xayah,113,6.8,5.1,7.7,60.0,Camille,5555,6.1,6.1,5.9,56.5,Fiora,7,5.8,4.5,4.8,72.7,0.0007570729501482
Onaldash,Gragas,630,5.4,3.9,6.8,72.2,Wukong,6129,8.7,5.7,6.5,68.0,Sett,37,6.5,4.6,6.1,66.7,0.00075184173666
Onaldash,Gragas,628,5.4,3.9,6.8,72.2,Wukong,6087,8.7,5.7,6.5,68.0,Sett,35,6.5,4.6,6.1,66.7,0.00075184173666
Onaldash,Gragas,630,5.4,3.9,6.8,72.2,Wukong,6129,8.7,5.7,6.5,68.0,Sett,37,6.5,4.6,6.1,66.7,0.0007495412775446
Onaldash,Gragas,628,5.4,3.9,6.8,72.2,Wukong,6087,8.7,5.7,6.5,68.0,Sett,35,6.5,4.6,6.1,66.7,0.0007495412775446
PCS Misanthiel,Olaf,597,7.6,4.7,5.0,62.9,Darius,7026,5.1,4.1,3.0,50.0,Jax,20,6.4,5.7,5.6,52.6,0.0007488447301055
T21 Kedeck,Olaf,374,5.7,5.2,3.8,57.7,Shen,8084,3.8,4.3,8.5,61.9,Sion,284,3.9,4.6,6.9,68.8,0.000727002050829
Weakside Chump,Fiora,545,4.6,4.3,4.0,55.2,Aatrox,7529,4.4,4.0,5.1,50.0,Camille,33,4.2,3.4,4.2,76.5,0.0007132596807381
ZEN Miyahara,Riven,398,8.5,5.2,3.8,59.6,Udyr,8952,7.9,3.3,7.6,59.3,Lee Sin,33,7.4,6.8,6.5,42.1,0.0007126379825688
B4nny,Gangplank,538,4.8,3.7,6.3,61.2,Sion,9768,4.5,3.9,9.4,65.8,Cho'Gath,21,4.2,3.2,4.1,56.8,0.0006664639727385
socorromcorro,Janna,411,1.9,4.3,16.4,64.6,Ashe,6,3.3,4.3,9.8,33.3,Morgana,7459,2.2,4.5,9.8,66.7,0.0006302880596699
Permaban12368903,Riven,153,4.7,5.5,6.2,59.5,Gragas,62,4.1,4.4,6.2,63.2,Yone,852,4.3,6.5,4.4,31.3,0.0006204665217362
Shién,Mordekaiser,325,5.2,5.0,5.4,43.7,Malphite,8624,4.3,4.5,7.1,57.6,Yorick,39,4.7,4.9,3.3,47.6,0.0005946710094051
Shién,Mordekaiser,333,5.2,5.0,5.4,43.7,Malphite,8679,4.3,4.5,7.1,57.6,Yorick,39,4.7,4.9,3.3,47.6,0.0005946710094051
Shién,Mordekaiser,333,5.2,5.0,5.4,43.7,Malphite,8679,4.3,4.5,7.1,57.6,Yorick,39,4.7,4.9,3.3,47.6,0.0005930485185071
Shién,Mordekaiser,325,5.2,5.0,5.4,43.7,Malphite,8624,4.3,4.5,7.1,57.6,Yorick,39,4.7,4.9,3.3,47.6,0.0005930485185071
No1 Proga,Jax,135,4.3,5.1,3.1,62.2,Gwen,13452,5.1,3.7,4.5,66.7,Fiora,110,4.2,3.9,3.5,52.9,0.0005579271882303
PapiTeero,Camille,181,5.1,4.8,4.3,58.7,Gnar,14618,3.9,4.2,5.0,55.3,Jayce,62,4.3,4.9,3.7,38.6,0.000512708374581
Octobonus,K'Sante,915,5.1,3.5,6.6,69.0,Olaf,13022,7.8,5.8,5.2,60.5,Jax,51,6.0,6.0,3.6,37.5,0.0005121290440907
WANGZAI QQT,K'Sante,515,3.4,3.1,6.8,58.6,Darius,14286,5.5,4.5,4.4,51.5,Aatrox,28,4.7,4.6,6.6,51.9,0.0004703251771649
WANGZAI QQT,K'Sante,608,3.4,3.1,6.7,56.9,Darius,14352,5.5,4.5,4.4,51.5,Aatrox,34,4.7,4.6,6.6,51.9,0.0004703251771649
WANGZAI QQT,K'Sante,608,3.4,3.1,6.7,56.9,Darius,14352,5.5,4.5,4.4,51.5,Aatrox,34,4.7,4.6,6.6,51.9,0.0004669578259015
WANGZAI QQT,K'Sante,515,3.4,3.1,6.8,58.6,Darius,14286,5.5,4.5,4.4,51.5,Aatrox,28,4.7,4.6,6.6,51.9,0.0004669578259015
zjoaomegaferapvp,Yorick,622,4.6,4.3,3.6,53.1,Draven,14788,7.2,9.2,6.0,60.0,Sivir,3,8.0,7.8,11.2,83.3,0.0004471681888446
Isshin Ashina,Jax,625,4.9,4.4,4.1,56.3,K'Sante,15254,4.5,3.9,4.8,53.3,Camille,33,4.6,4.5,4.8,48.8,0.0004232714666783
Isshin Ashina,Jax,633,4.9,4.4,4.1,56.3,K'Sante,16273,4.5,3.9,4.8,53.3,Camille,34,4.6,4.5,4.8,48.8,0.0004232714666783
kocourek kolofou,Nidalee,73,8.6,5.7,9.4,54.9,Irelia,16692,9.9,7.8,4.3,59.7,Seraphine,8,4.2,5.6,13.0,70.8,0.0003967383341186
Zacarvis,Kai'Sa,112,9.3,6.0,7.9,63.5,Gangplank,16771,6.0,6.3,7.3,48.3,Jayce,4,5.9,7.0,6.7,51.9,0.0003882965477437
Isshin Ashina,Jax,625,4.9,4.4,4.1,56.3,K'Sante,15254,4.5,3.9,4.8,53.3,Camille,33,4.6,4.5,4.8,48.8,0.0003882194900203
Isshin Ashina,Jax,633,4.9,4.4,4.1,56.3,K'Sante,16273,4.5,3.9,4.8,53.3,Camille,34,4.6,4.5,4.8,48.8,0.0003882194900203
Wufo9,K'Sante,386,5.8,4.5,5.8,54.9,Kled,17027,6.9,4.5,6.8,75.0,Illaoi,55,4.7,5.4,3.7,43.2,0.000376177741633
果醬同學,K'Sante,157,4.8,3.8,6.3,57.3,Lissandra,17292,4.5,4.6,8.8,55.7,Jayce,19,5.1,5.5,5.5,51.4,0.0003712675731126
l3R0K3N,Jayce,103,7.2,5.8,5.4,62.8,Camille,17513,5.7,6.8,4.4,50.0,Olaf,19,6.1,7.3,3.8,50.0,0.0003683165741438
anibalon3,Aatrox,106,4.0,3.3,4.5,63.6,Camille,18358,4.4,5.3,5.9,46.9,Renekton,12,4.1,5.0,2.9,55.6,0.0003419366772485
TPAA IhY0,Olaf,312,7.1,4.5,4.8,55.6,Jayce,18397,5.1,6.5,5.1,35.5,Jax,78,6.0,4.6,4.6,58.5,0.0003366402007069
Saymonela,Jax,585,5.0,5.1,3.5,61.8,Fiora,18280,4.8,4.9,3.2,53.4,Darius,14,5.8,4.8,3.5,47.4,0.0003360093074447
Saymonela,Jax,484,4.9,5.1,3.4,60.5,Fiora,18489,4.9,4.9,3.1,53.3,Darius,17,5.8,4.8,3.5,48.3,0.0003360093074447
Saymonela,Jax,585,5.0,5.1,3.5,61.8,Fiora,18280,4.8,4.9,3.2,53.4,Darius,14,5.8,4.8,3.5,47.4,0.0003310905257181
Saymonela,Jax,484,4.9,5.1,3.4,60.5,Fiora,18489,4.9,4.9,3.1,53.3,Darius,17,5.8,4.8,3.5,48.3,0.0003310905257181
TARDE SETT TUTE,Sett,81,7.8,6.5,4.4,58.4,Vi,22700,11.3,5.7,7.8,63.8,Zed,5,9.1,7.3,5.9,57.7,0.0002572142170382
P1K1T1T0,Jayce,583,7.1,5.4,6.0,61.0,Varus,22638,8.8,5.2,10.6,42.9,Zeri,16,8.1,5.5,7.3,53.3,0.0002571877751889
Lawas,Gangplank,52,8.7,4.8,5.6,59.3,Jayce,23306,7.5,4.4,5.1,68.8,Thresh,18,2.5,6.6,11.3,16.7,0.0002500258166908
Ta Pewnie Tak XD,Jax,249,7.7,5.3,4.0,70.8,Jayce,23342,7.7,6.6,4.8,47.8,Camille,6,7.9,4.8,4.6,58.1,0.0002448765859629
Ta Pewnie Tak XD,Jax,252,7.7,5.3,4.0,70.8,Jayce,24211,7.7,6.6,4.8,47.8,Camille,6,7.9,4.8,4.6,58.1,0.0002448765859629
Ta Pewnie Tak XD,Jax,249,7.7,5.3,4.0,70.8,Jayce,23342,7.7,6.6,4.8,47.8,Camille,6,7.9,4.8,4.6,58.1,0.0002345741476753
Ta Pewnie Tak XD,Jax,252,7.7,5.3,4.0,70.8,Jayce,24211,7.7,6.6,4.8,47.8,Camille,6,7.9,4.8,4.6,58.1,0.0002345741476753
Quý Không Béo,Fiora,16,7.8,6.1,4.5,68.3,Cho'Gath,24897,9.9,4.1,4.6,75.0,Zac,65,3.3,3.7,7.6,61.1,0.0002303668867551
TusRo,Rakan,776,1.8,4.8,19.7,67.4,Pantheon,28606,6.6,6.0,11.5,76.9,Anivia,87,5.4,3.3,7.5,69.2,0.0001974581619519
TusRo,Rakan,805,1.8,4.8,19.7,67.4,Pantheon,28237,6.6,6.0,11.5,76.9,Anivia,85,5.6,3.3,7.8,72.7,0.0001974581619519
TusRo,Rakan,776,1.8,4.8,19.7,67.4,Pantheon,28606,6.6,6.0,11.5,76.9,Anivia,87,5.4,3.3,7.5,69.2,0.0001945486939896
TusRo,Rakan,805,1.8,4.8,19.7,67.4,Pantheon,28237,6.6,6.0,11.5,76.9,Anivia,85,5.6,3.3,7.8,72.7,0.0001945486939896
Srimakonda,Darius,557,4.9,4.7,4.7,54.0,Camille,29932,4.4,4.7,6.1,57.0,Jax,73,4.9,4.8,3.6,47.7,0.0001846474881183
RANGED TOP LANER,Quinn,530,4.7,4.5,5.2,53.5,Karma,30809,1.7,3.4,5.9,35.0,Jayce,5,14.7,7.7,10.7,100.0,0.0001786641034309
하루카,Jhin,182,6.1,4.3,8.8,46.4,Malphite,31594,3.7,2.6,6.2,59.7,Yorick,261,2.2,3.3,3.8,61.8,0.0001743946610537
CMNZ,Gangplank,197,5.8,6.4,5.9,53.5,Jayce,32924,5.8,7.3,5.8,50.9,Irelia,47,5.7,6.7,5.2,54.1,0.0001664410918946
love Yue Ying,Warwick,148,5.8,4.7,5.2,59.2,Fiddlesticks,36136,9.0,5.7,8.2,60.0,Sylas,13,13.9,5.1,9.4,85.7,0.0001501484435701
UTC Jpeeid,Kled,47,4.9,3.9,7.4,64.7,Akali,40716,9.2,5.8,5.9,36.4,Vex,15,8.1,7.1,6.8,37.5,0.0001313189022889
RISE Zecas,Jax,15,5.6,3.8,4.0,64.6,Jayce,42694,5.7,4.5,5.7,46.8,K'Sante,9,4.1,3.2,6.2,52.3,0.0001249872415549
NautiIus Bot,Nautilus,966,3.9,4.2,10.5,65.2,Ornn,43385,4.2,4.5,8.2,61.5,Zed,23,11.0,8.4,7.4,62.5,0.0001226772482972
NautiIus Bot,Nautilus,919,3.9,4.2,10.5,65.2,Ornn,45552,4.2,4.5,8.2,61.5,Zed,22,11.0,8.4,7.4,62.5,0.0001226772482972
NautiIus Bot,Nautilus,919,3.9,4.2,10.5,65.2,Ornn,45552,4.2,4.5,8.2,61.5,Zed,22,11.0,8.4,7.4,62.5,0.0001164371633001
NautiIus Bot,Nautilus,966,3.9,4.2,10.5,65.2,Ornn,43385,4.2,4.5,8.2,61.5,Zed,23,11.0,8.4,7.4,62.5,0.0001164371633001
dọn nhà đi em,Darius,131,6.9,4.8,4.6,53.8,Zed,45729,11.3,5.5,7.6,76.9,Syndra,39,7.1,4.9,6.6,61.5,0.0001161245697446
H0rnlime,Warwick,122,5.4,7.0,4.4,54.2,Taric,58597,4.3,7.5,8.1,51.5,Nasus,22,3.0,4.9,4.3,62.5,8.924018043076886e-05
maces,K'Sante,615,5.4,4.7,6.8,65.7,Gragas,70718,3.6,4.0,5.8,47.4,Renekton,6,4.3,4.9,3.2,46.7,7.325973851196961e-05
Lithosphere,Darius,581,5.0,3.5,3.9,55.4,Olaf,72974,4.4,3.6,4.4,53.7,Renekton,35,4.1,3.8,5.0,62.5,7.095385309162307e-05
Chin Chin NPC,Olaf,47,8.0,3.9,4.1,65.3,Ezreal,97250,7.9,3.7,8.2,59.1,Zac,2,5.4,3.8,9.9,64.3,5.2748236857641374e-05
6Słodk9iBartuś,Sett,152,7.9,5.8,5.0,66.9,Jax,116438,9.0,6.5,3.7,64.0,Viego,1,13.6,5.3,7.5,68.0,4.3859012098397406e-05
GaoGe,Camille,170,4.6,3.9,5.2,57.5,Kai'Sa,116852,6.7,4.7,5.8,51.0,Fiora,20,3.2,3.3,3.3,47.6,4.3698717563759626e-05
WestW SeMi GoD,Amumu,69,3.5,6.6,11.3,54.5,Shen,123430,3.1,4.8,11.2,66.7,Kled,18,10.6,5.9,7.8,75.0,4.132068526838582e-05
LAEsports Gaming,Renekton,174,4.9,4.9,5.7,61.7,Camille,159833,7.9,4.8,6.6,65.9,Gnar,30,5.4,5.1,6.0,63.4,3.1758646190189604e-05
Objectif Cafard,Darius,402,5.5,5.0,4.3,58.0,Kennen,179699,5.5,6.0,5.2,73.9,Aatrox,53,3.6,6.6,5.3,23.5,2.819775709940928e-05
Zackary911,Kled,298,6.5,5.7,6.7,55.5,Warwick,185336,4.5,7.1,5.7,42.4,Twitch,33,7.4,8.5,8.9,52.6,2.7329412915376213e-05
Ringed Knight,K'Sante,115,4.2,3.2,5.7,62.4,Poppy,208470,3.6,3.2,5.1,53.6,Sejuani,9,3.1,3.4,8.9,53.3,2.4261288196061955e-05
EZDOGS,Gangplank,13,5.7,5.1,7.1,59.0,Sion,241830,3.9,6.8,8.8,53.6,Thresh,25,1.4,6.6,9.4,14.3,2.088005289275997e-05
25 ping,Kled,783,5.5,4.0,5.5,61.7,Renekton,332200,5.5,4.9,5.1,52.9,Karma,19,2.7,3.6,7.2,42.1,1.5158192922811743e-05
CZADPLANK,Gangplank,440,6.1,4.7,6.5,57.0,Jayce,402190,4.7,5.3,5.6,58.2,Ornn,66,2.7,3.1,6.7,38.5,1.250475535326397e-05
