nombre_invocador,Kongenvenderhjem,칸 나,BiIIy Butcher1,C9 Fudge,FΙGHT,Total
C9 Fudge,8.932573752407339e-05,0.0005632645657321255,0.00024705645945427747,1.0,0.00021950393688568108,1.0011191506995962
칸 나,8.787912820823689e-05,1.0,0.0002101059889578344,0.0005632645657321255,0.0002400846673265137,1.0011013343502246
FΙGHT,9.800328785604784e-05,0.0002400846673265137,0.0003424728522878359,0.00021950393688568108,1.0,1.000900064744356
BiIIy Butcher1,9.167126363984923e-05,0.0002101059889578344,1.0,0.00024705645945427747,0.0003424728522878359,1.0008913065643399
Kongenvenderhjem,1.0,8.787912820823689e-05,9.167126363984923e-05,8.932573752407339e-05,9.800328785604784e-05,1.0003668794172282
Binsenjokasano,8.857623504263142e-05,0.0019541763836439306,0.00023367377505722686,0.0006307528617679521,0.00026252205993683117,0.0031697013154485722
BJK Top,9.754278475933561e-05,0.00023017241392334686,0.00031312378674511947,0.00020883400790715548,0.002019622761687767,0.0028692957550227245
Gen G Horange,9.245540427328243e-05,0.0015507557108702281,0.00021466660702557599,0.0006360479297993941,0.0002414396813244676,0.0027353653332929484
미니언14,8.871416754257033e-05,0.0005970431242668743,0.00026213900193052106,0.0015442565173496175,0.00023823566051569306,0.0027303884716052764
미니언14,8.870997478553173e-05,0.000597261730406502,0.0002620957151820803,0.0015388594280889322,0.00023827048041742235,0.002725197328880469
WoW Peasant,9.45319872300507e-05,0.00026084854906516426,0.0003337601707405479,0.00023102153751012268,0.0017570551354400945,0.00267721737998598
Dragoon,9.487807884192195e-05,0.00023550797970136407,0.0003585515909293663,0.000218498569615186,0.0017540336306722873,0.0026614698497601256
ACD,9.998975240554842e-05,0.00023669722440565848,0.0003615415774581529,0.00022325111085984322,0.0016972316239794135,0.0026187112891086165
watermel0n bomb,9.684546469555012e-05,0.00023718232466669704,0.0003381272687573711,0.00021843025826582537,0.0016958435598765156,0.0025864288762619593
Krenashh,9.467782549199391e-05,0.0002433103951800805,0.0003513291932389051,0.00022343128544693677,0.0016672609142012057,0.002580009613559122
2U35,9.904817520026706e-05,0.00026035513810555546,0.00033562293532897523,0.0002337005886940163,0.001600390994623035,0.002529117831951849
IUSBioysb,9.465615219738674e-05,0.0002449901084368609,0.0003146300691931373,0.000217958958037836,0.001635738557268536,0.002507973845133757
6K Meaning,9.841951654037899e-05,0.000257885489435283,0.00032923780894791025,0.0002329585378819461,0.0015752230799176668,0.002493724432723185
AutoDlykus,8.857686268015508e-05,0.0013731075117887155,0.00021715070322587631,0.0005073942435164639,0.0002568674139336035,0.0024430967351448145
길길길길기,9.234600852717255e-05,0.00023595107954194278,0.0014638840324785543,0.00029086783224132733,0.00033743512967467526,0.0024204840824636723
Jauny12,9.548515982760941e-05,0.00025534214165382944,0.0003284062922474048,0.00022907786105777397,0.0015084262294686145,0.002416737684255232
kismets,9.559748633030533e-05,0.00026520594177267316,0.00033545455471076826,0.0002371154912467848,0.0014711483706206377,0.0024045218446811694
wellward,9.525324503512814e-05,0.00022788341991593076,0.00030818765642988004,0.00020566922422570374,0.0015298159368936901,0.0023668094825003328
Kledie mercury,9.444934194617253e-05,0.0002657057125978074,0.0003196063640204487,0.00023266798600594094,0.0014242639280538881,0.002336693332624258
EL RONRONS,9.546017735438725e-05,0.00023170247975835414,0.00029218332468124115,0.00020417343343533028,0.0015059497982372453,0.002329469213466558
i am Shrimp,9.653913875627453e-05,0.00027072531209288385,0.000305323363054076,0.00023375573574793004,0.0014126233271229177,0.002318966876774082
sigma bean,9.473722338562803e-05,0.00023175140030327494,0.00032293074891989303,0.00021104626033782142,0.0014560471222102038,0.0023165127551568214
BABO TOP,9.459148546128715e-05,0.0002383146372012592,0.0003319073922220138,0.00021722298724955748,0.0014331420826776122,0.0023151785848117296
Faithful Snow,9.482152775610835e-05,0.0002504954711949912,0.0003078643275526295,0.00022098589849306116,0.00142687404247172,0.00230104126746851
Invincible1,9.522013605589183e-05,0.000246232787901132,0.00031554359357345774,0.0002203561501990594,0.0014183966209283974,0.0022957492886579384
polo capalot,9.479651181298527e-05,0.00023545111891387229,0.00030671027989534277,0.00021066463070221057,0.0014442545625474538,0.0022918771038718646
C02Y,9.585071944280478e-05,0.0002820403739925516,0.00034250874130156266,0.0002508078026523456,0.0012883782622859384,0.002259585899675203
324142,9.568054496305014e-05,0.0002509683262820308,0.0003152547477802327,0.00022358116441633944,0.0013691037304448244,0.0022545885138864773
invicta23,9.196229102911149e-05,0.00023823087059385357,0.0012450100657899637,0.0002763966626235784,0.00039579281485790355,0.0022473927048944106
lG YSKM,9.428596914211726e-05,0.0002787470867913372,0.0003318006859895253,0.00024352889555049416,0.0012553568441824965,0.0022037194816559706
SUPERBEE,9.426758053575675e-05,0.00028490239542148035,0.0003354763892857471,0.0002493514948647833,0.0012230823497998407,0.0021870802099076083
고구마팬케이크,9.455771364592267e-05,0.0002526080523101521,0.0002961477467033447,0.00021928259199867527,0.0013234330046217706,0.0021860291092798655
Clover,9.458973294330873e-05,0.00023689391447606956,0.00032618269778051816,0.0002158125232556435,0.001282599948397476,0.002156078816853016
농심 레드포,9.554346931864538e-05,0.00024369807357129073,0.0003102652098695454,0.00021790398240064378,0.0012702150564462594,0.002137625791606385
Aegis fans,9.50607175851528e-05,0.00023130945675338676,0.0002924696327622308,0.00020545712797239688,0.001309628902081698,0.0021339258371548655
optimusty,9.01011066324395e-05,0.0010001684309059425,0.00024614491810050996,0.0004814880234833637,0.0003084684419143732,0.0021263709210366287
supp roam top,9.462233210180495e-05,0.0002443917890469062,0.00029607181080414764,0.0002146341107672087,0.0012644238509168372,0.0021141438936369047
초이통통,8.442310119880337e-05,0.000523424098731051,0.00021024564126312357,0.001100020899715964,0.00019125932891006514,0.0021093730698190072
świnioujście,9.009060059202753e-05,0.0006920724438454185,0.0002801850037663564,0.0007516856354930421,0.0002869443873930693,0.0021009780710899138
BoHan,9.450373021342045e-05,0.0002575709728797545,0.00031352544303658647,0.00022770632666524094,0.0012034962328074277,0.00209680270560243
PI Tobi,8.800993021492335e-05,0.0004819153253557377,0.00029039647792703866,0.0009850990296809907,0.0002470309090172692,0.0020924516721959594
TOP 07,9.474710111121802e-05,0.0002453367370566436,0.0002962790268982259,0.00021578103357991043,0.001224995814229106,0.002077139712875104
jx xuyang,9.525900092043657e-05,0.0002445894232965762,0.0003047813630750919,0.0002175625343724506,0.001214866183107404,0.002077058504771959
TL Honda MaRin,9.460896207757027e-05,0.00024967870461892937,0.00031455896829642,0.00022296527376895224,0.0011903869603950585,0.0020721988691569304
tyrin777,9.474532669025021e-05,0.00023764329700667487,0.0002951642370248322,0.00021048498956557012,0.0012168121548537568,0.002054850005141084
NieUfamCiJezu12,9.347334402090453e-05,0.000924541974495406,0.00023939200718308104,0.0004718452792755233,0.00030970893464598215,0.002038961539620897
Lellisz,9.478153351852303e-05,0.00023327379120194295,0.0002948768566029843,0.0002076604849182962,0.0011880205624931611,0.0020186132287349076
100 Tenacity,8.669158163861992e-05,0.001104569381034967,0.00017818260358911845,0.0004468316953359905,0.00020216559755821865,0.0020184408591569147
KT Castle,9.593210883820108e-05,0.00026173588538895017,0.00043262701311080545,0.00025315570240638384,0.0009746002551952734,0.002018050964939614
Betão 8,9.508325675962945e-05,0.0002264020403218697,0.0002878125570967839,0.00020165797082668933,0.0011875997369607315,0.001998555561965704
twitch SAMMU,8.979109490643768e-05,0.000567217224053039,0.00031215154034873195,0.0007314424821544842,0.00029651833065811066,0.0019971206721208033
Lantun,9.463310517997718e-05,0.0002309399228466306,0.0002929143045891415,0.00020564961536168993,0.0011718829523144484,0.0019960199002918874
Annie IRL,9.424053386477283e-05,0.00025722486333470317,0.00038442080086820737,0.00023831980416135816,0.001016657171543828,0.0019908631737728696
shady mathers,9.421072693016893e-05,0.00022906037968468322,0.00044516586101040487,0.00022403202524313382,0.000997116934797805,0.001989585927666196
Snow Lion,9.501392051133382e-05,0.0002588556054586846,0.00029879839851816575,0.00022564749687206974,0.001104467285124879,0.001982782706485133
soz,9.580311264033767e-05,0.00023003836575412776,0.00028599435160482444,0.00020400268697621623,0.0011636236027122997,0.0019794621196878056
goth kızlar dm,9.664574506306556e-05,0.0002210012411559741,0.000285017132053157,0.0001982128122336614,0.0011758571893448681,0.001976734119850726
eYa Bewbiou,9.285497359030778e-05,0.00023932525831848366,0.0008635206966278775,0.0002608001036601042,0.0005075353078798329,0.001964036340076606
리바이 병장,9.495258448641404e-05,0.0003122381511631029,0.00033485521050517325,0.00026965854692888487,0.0009440350586387635,0.0019557395517223386
SK Irrelevant,9.15358670595916e-05,0.0008638073355600413,0.00023685048376755256,0.0004563470064969918,0.00030540870316478623,0.0019539493960489636
markyyy,9.534536864876896e-05,0.0002548057180129105,0.00030092782879523127,0.0002245114922589797,0.001078273809362882,0.0019538642170787725
Drututt,9.229862716324354e-05,0.00025456820684126676,0.000856725775392334,0.00028774871353477613,0.0004487360741224659,0.0019400773970540863
TwTv stefankolol,9.457996446025911e-05,0.00024400569166958312,0.00029360052098395377,0.00021487964851434508,0.0010827624877650186,0.0019298283133931597
Thiensf,9.455509194319457e-05,0.00022527308532690202,0.0002870398748100734,0.00020060207451828453,0.0011106213090915607,0.0019180914356900153
Urmonardrene,9.459662153535827e-05,0.0003064043552899035,0.0003609071889637026,0.00027526061934122673,0.0008763347810677874,0.0019135035661979785
Vertigo0,9.51878094715773e-05,0.0002519085447383122,0.00028652087184464104,0.0002186310652525167,0.0010560548949929388,0.001908303186299986
Ushuala,9.442160581592731e-05,0.0002745328305836337,0.00037952161071074745,0.00025586600339773104,0.000900583368835753,0.0019049254193437924
Daemon V,8.785446578736934e-05,0.0009677081766037922,0.00019418690265237838,0.0004168024181415902,0.0002368158078768023,0.0019033677710619326
Gen G Zest,9.517086787009813e-05,0.0002394372181619709,0.00028538095744779635,0.00021017844149468856,0.0010731965905918432,0.0019033640755663972
톱 왕,9.543567678391408e-05,0.00028431557641441104,0.00029759507892536966,0.00024230904293046012,0.0009814542887409043,0.001901109663795059
IHG PolskiKoz,9.44669184329271e-05,0.0002556893110519252,0.0005130208164094561,0.0002570989188615575,0.0007764769540213223,0.0018967529187771883
Daemon V,8.786141126864972e-05,0.0009611984782771121,0.00019408659499450185,0.0004155501478210588,0.00023688573357925197,0.001895582365940574
Dia Kektz,9.068543538579238e-05,0.0009029152847669569,0.0002101217535717446,0.00042472221711259634,0.0002670394685415516,0.001895484159378642
玳打微ysrw77,9.455853101898695e-05,0.00023834801648786719,0.00028566879693392807,0.0002094411598693811,0.001059650916595229,0.0018876674209053923
Jauny,9.469621471571141e-05,0.00021970154516005378,0.0002861572337178125,0.00019691372133791483,0.0010888737473020618,0.0018863424622335544
Lîcht Rêgên,8.767187021841296e-05,0.0005244978138978957,0.00024628929199269946,0.0007947658664685767,0.00023165157145644353,0.0018848764140340284
DeepVibes,9.453330206133609e-05,0.00024949844632710637,0.0002902734262574608,0.0002178655615074334,0.001026744592645115,0.0018789153287984517
Meteor is coming,9.634811781538942e-05,0.0002500629438605352,0.00028623117563116333,0.00021831870283361976,0.0010265577704839939,0.0018775187106247016
Ënder,9.455817628841553e-05,0.00022966001149295887,0.00028482757609414,0.00020360151337459628,0.0010598346263279044,0.001872481903578015
reverse,9.372347148968941e-05,0.0002626927265821976,0.0005324554668525724,0.0002663138188734295,0.0007083333218339911,0.00186351880563188
Sufukato,9.511787137687313e-05,0.00025220662592178916,0.0002912555916005557,0.0002206817289692102,0.0010007457485630054,0.0018600075664314336
Yung Fappy,9.451259773571632e-05,0.0002353751273060628,0.0002864432393045767,0.00020753662069084727,0.0010322646833611615,0.0018561322683983647
Plan Chrysalide,9.410738132297896e-05,0.0002996191784199765,0.0003208461933812408,0.00025883561967398005,0.0008779424705930698,0.001851350843391246
Krøllen,9.115150013292408e-05,0.0007013445223541844,0.00026380594719230553,0.00044693126562685864,0.000347450934462561,0.0018506841697688335
빈 스토리,9.32532495073362e-05,0.0006703867382654395,0.00023194537046671647,0.0005972247561022003,0.00025551635774228963,0.0018483264720839821
LordBastionIII,9.459308289442461e-05,0.0002815212787240406,0.0003356022894499798,0.00025249568075021525,0.0008808938713410983,0.0018451062031597586
2035 TCL Champ,9.378043127173654e-05,0.0002680626570551462,0.0005233036129242047,0.00027286183332666164,0.0006734667125791665,0.0018314752471569155
SatØrius,9.292146658196122e-05,0.00026986520687828007,0.000654328177093453,0.0002928543755007659,0.0005169538793465644,0.0018269231054010245
BOLADO DMS,9.458090682933395e-05,0.00024770830635547383,0.0002933007272644299,0.00021802062391268213,0.0009729451969443932,0.001826555761306313
faker god top,9.413914379505887e-05,0.0003163846255183029,0.0003058296759671543,0.00026171388952476017,0.0008476678915464417,0.001825735226351718
Keñus,9.456577825994191e-05,0.0002474673801850715,0.00028552727677122133,0.00021560512332108458,0.0009822074582928242,0.0018253730168301435
Challenq,9.478449087943152e-05,0.00024755380224721437,0.00028428645566191604,0.00021572719213687206,0.0009829744817437187,0.0018253264226691527
AYELGODLIKEMODE,9.44262928971005e-05,0.00021731179875515626,0.0002960701341334923,0.00019693148897052858,0.0010199599151582352,0.0018246996299145129
100 Sn1per,8.978486114466952e-05,0.0007071071514200269,0.00022845730929990348,0.0005382524258977359,0.0002565458348836264,0.0018201475826459623
MYSLYRS,9.504608891099166e-05,0.00024199425583839383,0.0002843874356363138,0.00021199294221363506,0.0009843490537181099,0.0018177697763174443
GazpachitoAbuser,9.061462099029114e-05,0.000812706808615825,0.00021644986858943303,0.00039601846512533906,0.00028886484587683874,0.0018046546091977267
reptilezero,9.48165605543554e-05,0.0002894143352728854,0.00029622807056884655,0.00024519404774744707,0.0008777532101820899,0.0018034062243256245
0503x,9.610770532216778e-05,0.0003927748997020912,0.0003449989778046145,0.0006917235956029011,0.00027621098131361244,0.001801816159745387
FLYQ IMPACT,9.28432995038742e-05,0.0005720343750962236,0.0002838917300601044,0.0005315941245998747,0.0003211900579896284,0.0018015535872497053
Trà Đào OwO,9.4339669601646e-05,0.0002990160339888789,0.0002931619530867806,0.00024894163047766934,0.0008637690902015662,0.001799228377356541
FA ady,9.441171655171374e-05,0.00023028861747323407,0.0002833086341349252,0.00020342412760428617,0.000981485878362682,0.0017929189741268414
ZyWolfx,9.896683031205376e-05,0.0002587253845253779,0.0002841328814354761,0.000226018066446065,0.0009230448616338321,0.001790888024352805
Geobsell,9.289902206779909e-05,0.0002940258749047014,0.0005653597547845712,0.0003140248164119937,0.0005189671093405595,0.001785276577509625
Coatpustmain,9.473256533931827e-05,0.00026229306422746507,0.0002877461293318182,0.00022672366269781038,0.0009118664332451551,0.0017833618548415671
Tronnie Sins,9.446423251629197e-05,0.0002559270553708756,0.00028497336216730314,0.00022151578180697111,0.0009219792660768151,0.001778859697938257
WAO RANK 1,9.445591856508988e-05,0.00023886098756454221,0.0002842492538319486,0.00020943164879040608,0.0009507287497245461,0.001777726558476533
GSDFQWASD,9.6614967341307e-05,0.000768190636361629,0.00020535215443378283,0.00045605839398574243,0.00025139725968058904,0.0017776134118030504
Melvox,9.460282285627151e-05,0.0002554689963234842,0.00028543835130525783,0.00022157087750831344,0.0009175649245747516,0.0017746459725680786
ROBOCA DE SACOLA,9.338952215856419e-05,0.0002049513351130816,0.0009442240958477134,0.0002621645780318247,0.0002686818948298989,0.0017734114259810828
DENADENADENA,9.289804577009604e-05,0.000292129564344408,0.0005780117063716168,0.0003190855130357141,0.0004904580471185836,0.0017725828766404187
윤용호,9.780429887614954e-05,0.00033003749797584425,0.0004903080913230665,0.0003599569690096907,0.0004937444809287986,0.0017718513381135494
DRXVIICHAN,8.780037835842699e-05,0.000448942781528036,0.00026848646516727164,0.0007244583646887698,0.00023533752627028775,0.0017650255160127923
Adelean,9.446175780511327e-05,0.0002551642111153559,0.0002825491496603055,0.00022018649362327036,0.0009089988634157758,0.0017613604756198209
내이리 오면,9.370231674161885e-05,0.0003452906413260238,0.00033205288579624565,0.0002940009791686761,0.0006955521834124921,0.0017605990064450566
droqan,9.243662831662332e-05,0.0005597988093229921,0.0002902271317682048,0.00043478929170007174,0.0003785461930251972,0.001755798054133089
愛麗絲丶,9.434117391356573e-05,0.00026975873660373546,0.00029227559561862743,0.00023290976977810346,0.0008583600091358808,0.0017476452850499129
킬러톱,9.442765787088756e-05,0.00028654680158190344,0.0002766959916642467,0.0002349038652416069,0.000854100878833053,0.0017466751951916975
Augustine,9.447958050080808e-05,0.00028376303808555324,0.0003013063555776543,0.0002451724989079652,0.0008154239162184249,0.0017401453892904057
Bruce Wäyne,9.056113392760664e-05,0.0006800630624558689,0.00022840326304457976,0.00046912717102484864,0.00027195307086860587,0.0017401077013215098
Livatious,8.916476265980402e-05,0.00023544536725228642,0.0008214576661975414,0.0003105994275564302,0.000279764216511877,0.0017364314401779393
cadianNN,9.529849526315024e-05,0.00040169165925882876,0.00036204411929159614,0.0003728421580054581,0.0005036540539273856,0.0017355304857464189
Diëgo,9.431996906673582e-05,0.00027040153320062604,0.0002892003816890571,0.00023235015100568453,0.000842248475684667,0.0017285205106467704
Reversed,9.152467426505958e-05,0.0006761519689020732,0.00023825444168800355,0.0003777760032494233,0.0003445246738619913,0.0017282317619665508
RobertBrännström,9.130355334915937e-05,0.0005708175201394711,0.00027022555523902026,0.0004676095715864342,0.00032512194945238005,0.001725078149766465
TTV IMainTopLane,9.335987179726189e-05,0.00031071400783325034,0.0004464910537947411,0.00031345697883511587,0.0005593039968124801,0.0017233259090728493
Eddxylol,8.710090116202726e-05,0.0006232273925520019,0.00021338335778360598,0.0005766763668288105,0.00022235248399506667,0.0017227405023215125
jotaemez 11z,9.451246040216015e-05,0.00025823147501646257,0.0002932867279864516,0.0002254573466878795,0.0008495811982387209,0.0017210692083316746
Estrus,9.452374106866519e-05,0.00026957553946358224,0.0002850994447532867,0.00023094624689441737,0.0008399498218517837,0.001720094794031735
안녕안녕하세요오,9.577468129492889e-05,0.0002780520335127906,0.0002877596990591469,0.00023831204518701994,0.0008165199964512054,0.001716418455505092
Sc4rfac3,9.704563847132205e-05,0.0005290566062450115,0.0002668132624097264,0.0005189913600555791,0.0003045115862712007,0.0017164184534528399
Kartoni Storaro,9.769184560782043e-05,0.0003181850003253445,0.0003863907220154537,0.0003094077995377869,0.0005965025961861486,0.001708177963672554
WPE Austèrity,9.452463231232096e-05,0.00027292472027099667,0.0002797286527343107,0.00023104095432484214,0.0008298517014126729,0.0017080706610551433
ΑrchΦiend,9.080124117990153e-05,0.0005762724106383698,0.00026172926947860375,0.0004649781461308621,0.0003137099789061517,0.0017074910463338888
Nillee,9.14425502310305e-05,0.0004914149134141821,0.00030948468290318887,0.0004555023346931237,0.0003582321675935752,0.0017060766488351002
Dìesel,9.390011775088064e-05,0.0003297119385159549,0.00028682236450132257,0.00026392050809748716,0.0007290380538701115,0.0017033929827357569
AlphaGo test 06,9.4493991024223e-05,0.00026459654856244614,0.00028170422579320756,0.0002265827468003641,0.0008331011274740844,0.0017004786396543252
SOLOBOLO123,9.085267962352985e-05,0.000661855014170261,0.00023184815512119206,0.00040505664056931227,0.0003059950005165458,0.0016956074900008411
Ssumdayday,9.413711443854719e-05,0.0005552479079302233,0.0002672091186457419,0.0004209107149269287,0.00035664406363272255,0.0016941489195741637
qwazss,9.35413787231156e-05,0.0003217273536557401,0.0003042987358350005,0.00026412863173353205,0.0007097705568423953,0.0016934666567897836
łeozd,9.437100556389862e-05,0.0002614937433312812,0.00028031329744067807,0.00022419451264587797,0.0008276639150295879,0.0016880364740113236
vxRio887288,9.420217067621093e-05,0.0002844696497809845,0.0002929082231370721,0.00024333302404527473,0.0007725467307116611,0.0016874597983512034
GPGustavo,9.048219198423673e-05,0.0006236228006835594,0.00023869770803981366,0.0004363227770105274,0.0002958133994226762,0.0016849388771408133
ViV Twelve,9.444741453553636e-05,0.00027099175742041653,0.0002815486732117099,0.00023128350729836896,0.0008050133915142277,0.0016832847439802595
Gruiku,8.925045527095146e-05,0.0006521864505017489,0.00021279698191905948,0.00048764755817057217,0.00024100909714426923,0.0016828905430066013
Son of Barbaroon,9.473619002311506e-05,0.0002693376134227112,0.00028092572186198415,0.00023005030106810706,0.0008068511172478842,0.0016819009436238016
no limits1,8.981288987198639e-05,0.0003824849704654273,0.0003692912599543844,0.0005492931151074574,0.00029090473830811335,0.0016817869737073689
Drututt,9.126173569754385e-05,0.00032234690787267476,0.0005075503143018139,0.00039780894251110387,0.0003593154174946813,0.0016782833178778178
Diluc,9.345880853044922e-05,0.0003662389046853911,0.00032016732505310905,0.0003083477348419167,0.0005880752215081017,0.0016762879946189677
Go Ha Go Ha,9.42168927586989e-05,0.00027504008171304236,0.0002841634101921313,0.0002340597133422981,0.0007866934654284977,0.0016741735634346684
JeIIy,9.427505428355335e-05,0.0002743315380129433,0.00028306851528603024,0.00023369571449782917,0.0007882314247283883,0.0016736022468087444
askın olayım,9.422726249118649e-05,0.0002726044265171094,0.00028418534741252817,0.00023302231556467432,0.0007873726307759397,0.001671411982761438
Lesions,8.710113294107523e-05,0.0006900465282335735,0.00019820803198919627,0.00047458643336186103,0.00022093745147125599,0.001670879577996962
Rwrkd Darkhike,9.432596507787465e-05,0.0002754382117281033,0.00028096305886744343,0.0002337531969185523,0.0007843225013769161,0.0016688029339688897
awr,9.456384721756761e-05,0.00028090875224156246,0.0002822874751832324,0.000237800025923442,0.0007709117799850227,0.0016664718805508272
Lesions,8.710075427096077e-05,0.0006881095220107574,0.00019790669315683068,0.0004715031049167437,0.00022097307903277434,0.0016655931533880672
XΥΖ,9.432112303579765e-05,0.00027203100811651733,0.00027895781471782964,0.00023122407507321659,0.0007889487153763265,0.0016654827363196878
Rich3,9.904844080240588e-05,0.00036803145461168136,0.00031042672991866917,0.0003167782209020914,0.0005694859083371207,0.0016637707545719685
AdoReolEve,9.127769612329453e-05,0.0005828682896863687,0.0002502401035422562,0.0004077646703532455,0.00033044145345068147,0.0016625922131558463
Kuzy 1,9.194386266424249e-05,0.0005172377353115777,0.00027712888758628845,0.0003942975568686954,0.00038053369888080057,0.0016611417413116046
This game canwin,8.89722391193481e-05,0.0007035035141844395,0.0002048094404051265,0.0004123278037198428,0.00025000134548989756,0.0016596143429186542
This game canwin,8.897245395364526e-05,0.0007023950253427393,0.00020478041122877415,0.0004120563164139712,0.00024998567091721874,0.0016581898778563488
상록중,9.492932626812746e-05,0.00033577937991606597,0.0003136624919186301,0.00028917686755827726,0.0006237039376803001,0.001657252003341401
qazxcxz,9.444426858679161e-05,0.00027545775894300203,0.0002789124301779336,0.00023336003970621483,0.0007724918120435639,0.001654666309457506
Peentakilo,9.687474712130226e-05,0.0003630437586530325,0.0003704830456556378,0.00036753712864618206,0.0004540016652887008,0.0016519403453648554
Kât l ï Äm,9.30761545640968e-05,0.0003459174902207063,0.0003724697317777696,0.0005694998851048621,0.00027063690547276224,0.0016516001671401971
weilaihuanweilai,9.129147520305654e-05,0.000572165761309035,0.0002464001809004872,0.0004413750336696984,0.00029852477399966323,0.0016497572250819405
Yöönšeül,9.425967037306018e-05,0.0002781257308919743,0.00028077371430845993,0.00023562319236790052,0.0007586957425493296,0.0016474780504907244
emot1on,9.227270955836161e-05,0.0005755799649319438,0.0002440727231787786,0.0004223252493926221,0.00031020169262624625,0.0016444523396879525
HKS Heavy,9.074595338542712e-05,0.0006011690949508214,0.00023441314007433827,0.0004265908895640866,0.0002907829965373281,0.0016437020745120015
Papas Doradas,0.00010146090064833982,0.0002899020893487945,0.00028864736661271724,0.0002528771459406036,0.00071073693658687,0.0016436244391373252
Maybe worth its,9.616394520694808e-05,0.0005228724029245385,0.00026105128727280433,0.0003961801419556799,0.0003641228748537582,0.001640390652213729
willing555,9.025733096097962e-05,0.0006879230455906602,0.00021115001323978645,0.0003472439681579568,0.00029887161818725977,0.0016354459761366426
Diass,9.403656135414636e-05,0.00029763859081675714,0.0002937328682970895,0.00025333040917551955,0.0006960524156889404,0.001634790845332453
LouiseBerna,9.600583131150017e-05,0.0003042673545009085,0.00028598222633066233,0.00025666958277129444,0.0006917147774073401,0.0016346397723217055
lonely eboy,9.416752590835154e-05,0.00027081483334116227,0.00027785775134767847,0.0002298900479091892,0.0007611948425584814,0.001633925001064863
White Snow,9.030303943749658e-05,0.0005839260722351156,0.00023898244095661738,0.00043005864872174113,0.00029062068860464336,0.0016338908899556142
CU Ego,9.004463934204356e-05,0.000634165286039,0.00022327351986903062,0.0003954845698862008,0.0002887241601725121,0.0016316921753087871
Gruiku,8.911841017503677e-05,0.0006383325176371106,0.00020848776589902192,0.0004545122706681928,0.0002408970971032268,0.001631348061482589
010,9.145625729940387e-05,0.0006709479686270685,0.0002097898319161358,0.0003850575975653242,0.0002739755054448193,0.0016312271608527515
Gewinnbarr,9.968937532328195e-05,0.00045804747299984556,0.0002622837889783582,0.0005520048398568933,0.00025889331765181555,0.0016309187948101945
ZeusGalaVital,9.422174709070366e-05,0.00027983110126775256,0.00027713055862166065,0.00023537752429385382,0.0007429169897812436,0.0016294779210552141
kookykrook,9.417207324773828e-05,0.000288891106600979,0.00028245257432957905,0.0002434472764637887,0.0007190500110993541,0.001628013041741439
Kingicepop,9.304785104171742e-05,0.0006390636046849987,0.0002199753839719807,0.0003672911087038171,0.0003082218256445066,0.0016275997740470205
Witnesss Me,9.413749131218493e-05,0.0003297129673760984,0.00028331279444373863,0.00026770140658555875,0.0006513157799717779,0.0016261804396893586
MadDog OfShimano,9.189705072349542e-05,0.0006045713719728338,0.0002260616746845972,0.00041959441238353647,0.00028268457190738853,0.0016248090816718514
PatkicaA,9.273072446678692e-05,0.0006180670354561342,0.00022526734440285825,0.0003752719303266661,0.0003128397567692413,0.0016241767914216868
죽림초,9.441922243666383e-05,0.0002833815413814941,0.00028969483957436506,0.0002420693244363329,0.0007132582573267495,0.0016228231851556053
NNJ RagingNipps,9.442419723358854e-05,0.00028243570003767105,0.0002788601481913959,0.00023842190382578277,0.0007272968938930224,0.0016214388431814606
Nahkffs,9.378078522292214e-05,0.00033483683202341634,0.0002748269826404209,0.00026418480164708925,0.0006496619617277011,0.0016172913632615496
KHADIKING,9.854727393361406e-05,0.0003061239866130827,0.0002888719565146632,0.0002624425246076128,0.000660198044431512,0.0016161837861004848
oOYi一JiangOo,9.418755757523884e-05,0.0002859731277059835,0.00027942437307801365,0.0002407040761619816,0.0007156649183970392,0.0016159540529182568
paiN Wizer,9.330269586765662e-05,0.000487899280925371,0.0002727120483254744,0.00038438381271756834,0.0003769912742168677,0.001615289112052938
Stargazer7,9.398994889615124e-05,0.0003027777342875855,0.00028661304440676826,0.0002539896473066365,0.0006773260124675685,0.0016146963873647099
Sandflame,9.08170376549259e-05,0.0005386458778785443,0.0002523890344730007,0.0004161741021277017,0.0003144075829077063,0.001612433635041879
HıtIer,9.409133756716605e-05,0.0003353475217397487,0.00030611131012575225,0.000286537594144506,0.0005888966487950386,0.0016109844123722117
u should know me,9.118451113349663e-05,0.0005993693886016501,0.00022853276861151502,0.00038359151563322006,0.00030605444416363366,0.0016087326281435156
Han shu2,9.399346815691523e-05,0.00029990894360155517,0.00028623188720509944,0.00025284303698244233,0.0006752207216500055,0.0016081980575960177
kafari,9.243222675999499e-05,0.000434342512165796,0.00030318015493153435,0.000380815514589767,0.0003973924125238488,0.0016081628209709412
Mito Supremo,9.224429128421682e-05,0.0005110373244457672,0.0002613197853064766,0.00038507285110948435,0.00035654843776789473,0.0016062226899138398
xRoyal,9.776297152789264e-05,0.0002837249893912621,0.00027386757665379433,0.00024012808084431043,0.0007082361822472852,0.0016037198006645446
Kill,9.404265928825121e-05,0.0003357518407898649,0.0002778152880743899,0.00026816851045031336,0.0006268513405925536,0.001602629639195373
Εemo,9.660032126597018e-05,0.00028803583095728065,0.00027534491292873934,0.0002428506427435405,0.0006990673999005012,0.0016018991077960318
Viv Mor Est,9.126144721727438e-05,0.0006090578735505699,0.0002196651893913868,0.0004022122545502267,0.00027863381812595904,0.0016008305828354168
Bieshuomeibanfa,9.434063950339893e-05,0.0002878036317445597,0.0002766607717802732,0.00024109839240839777,0.0006999948091594892,0.0015998982445961187
FUR Gru,9.5026709014514e-05,0.0004966879193795289,0.000257969530268314,0.00035919659098403227,0.00039035817240343484,0.0015992389220498239
MySwordCrimson,9.407503379920269e-05,0.0002966112863613606,0.000281919576795774,0.0002487812769403969,0.000677037348386378,0.0015984245222831121
YAHAYA ABDULLAHI,9.301715655541371e-05,0.0003845866486765279,0.0003196353831555904,0.00034174477748243764,0.0004549344112191238,0.0015939183770890934
亮德同學,9.392085025894703e-05,0.00033233925484192135,0.000292786014198493,0.0002771754080534898,0.0005960435654767653,0.0015922650928296164
jjking10,9.413030262721332e-05,0.0002972849612806397,0.0002785988432195458,0.00024793862572732776,0.0006734664558096542,0.0015914191886643807
bagus,9.419542306901223e-05,0.00028964565339236224,0.0002784460650241241,0.0002432943272626642,0.0006855648545889829,0.0015911463233371456
kh1234,0.00010105030629509178,0.0003950109591503882,0.000313685801454886,0.00044049129582164734,0.00034020614583157453,0.0015904445085535878
Erisipela,9.104123911811151e-05,0.0005430191733010815,0.00024412538029544312,0.0003861901534316969,0.00032496520039245895,0.001589341146538792
어리고싶다,9.229202109955413e-05,0.0005281303798560812,0.0002488253012226437,0.0003810235349456974,0.0003388879244641687,0.001589159161588145
Sasuke Uchiwa,9.210362722372475e-05,0.0006462660177715503,0.00020304138167716489,0.0003895000077089879,0.0002575091718067323,0.00158842020618816
gymslacker,9.30089793576682e-05,0.0006169946171624943,0.000213008823680855,0.00038452417038725625,0.0002792542113448372,0.0015867908019331109
Necromartin,9.391020019447298e-05,0.00031397487903307724,0.00028744139278624677,0.0002627131512672634,0.0006269276558233242,0.0015849672791043846
1vsAll,9.381134756635416e-05,0.00031626033531775133,0.00028958908763605833,0.00026540226208375084,0.0006197897890619552,0.00158485282166587
Qwacker,9.049452582193442e-05,0.0006411425396458746,0.0002081896365313683,0.0003593930268175168,0.0002814668196635447,0.0015806865484802386
PHẤN ĐÀO,9.442621159218294e-05,0.00029403210278418406,0.00027533532749563806,0.00024468864688299374,0.0006693410255199656,0.0015778233142749645
KAURUYPQTY,9.332227720031129e-05,0.0004986084469148945,0.000254308321754222,0.00036853181566991834,0.0003612563885291747,0.0015760272500685208
Mr White,9.382305734366305e-05,0.0003139976101364144,0.0002858704914456537,0.00026255389310115917,0.0006161016988128903,0.0015723467508397806
Gear 5 God Nika,0.00010044699000350242,0.000295015973641,0.0002734320092595758,0.0002506646183688918,0.0006524150605888597,0.0015719746518618296
horderrr,9.413918243827351e-05,0.0003045713861388253,0.000278145916263443,0.00025355810226988877,0.0006398542122831152,0.0015702687993935458
FX Tay,9.344899575735513e-05,0.000546078219450963,0.0002320235589300078,0.0003343472972261911,0.0003641029915060863,0.0015700010628706034
현기증나는사람,9.383952992410635e-05,0.00031171428877965984,0.00027855587097868587,0.0002571198286401484,0.0006264193774714022,0.0015676488957940026
BL King Mantis,9.021159484144725e-05,0.0005942054248978863,0.00021806510014698032,0.00038081109435527386,0.0002830239343237795,0.001566317148565367
Mei You Qing Xu,0.00010390889574955379,0.00027648142536313493,0.00027260055514239826,0.00024089518677886565,0.0006719251926816398,0.0015658112557155924
yddkbwp,8.871454614870667e-05,0.0006822202799397001,0.00019104271666076108,0.000360320158834176,0.00024321012985210812,0.001565507831435452
P42 Shadowsong,9.40637499730034e-05,0.00031344539056851615,0.000282588299896674,0.0002613956543896842,0.0006117716710783139,0.0015632647659061915
meololi,0.0001020589298489783,0.0003766766929796162,0.000313383379793682,0.00037704159484691077,0.00039402992522405514,0.0015631905226932423
41205,9.325742783089439e-05,0.0006009870695821131,0.00021031638794696781,0.00038754615586747686,0.0002707244194578822,0.0015628314606853345
undertheironsea,9.005904354800861e-05,0.0005753032076079777,0.00022309449810611271,0.00039205747534592773,0.0002822114722771979,0.0015627256968852247
My Angel Yuchan,9.49679161257469e-05,0.0003961429131914926,0.00027643493542360163,0.0003123232786553463,0.0004821633770470036,0.0015620324204431912
yddkbwp,8.871060363314939e-05,0.0006790068047110778,0.0001910387033196472,0.00035987852570846195,0.00024321325966418237,0.0015618478970365187
갈과 배 음료,9.382055242856887e-05,0.00033465404875080405,0.0002908437594183519,0.0002798639324221287,0.0005625950559052356,0.0015617773489250892
Randy VI,9.471460142834243e-05,0.0003633506863978124,0.0002870574437720392,0.0002996129583676177,0.0005160731250423498,0.0015608088150081616
Allo1,9.188087302148917e-05,0.0005633334132815621,0.00022652625499264056,0.00037957435082364,0.00029877054035883614,0.001560085432478168
Hakari,9.205009346664442e-05,0.0004795862847644265,0.000256341675246964,0.000352180982183177,0.0003734033095260559,0.0015535623451872677
워키라카토키,9.067105792798762e-05,0.0005859624575186263,0.00021732761970258416,0.00037498693315538896,0.0002835237740557141,0.001552471842360301
Hobbi,9.406241069931685e-05,0.000325301627750255,0.00028260809775089804,0.0002697686708943998,0.0005777029067963714,0.001549443713891241
lasovademesmeris,9.376439487972047e-05,0.00031684635621150373,0.0002731851285490315,0.0002579293987858226,0.0006075004406104568,0.0015492257190365352
ANTETOKOUNMPO 34,9.121854473829322e-05,0.0005546054088170189,0.00022790778607535854,0.00036338781204349094,0.00031207661859275693,0.0015491961702669185
꼬집어,9.432147277621097e-05,0.0003116807734329929,0.0002729696578021124,0.0002553505823769708,0.0006139300759477246,0.0015482525623360117
timed,0.00010123750579043569,0.0002986742979766708,0.0002728617843628973,0.0002543400081800865,0.0006190612920429162,0.0015461748883530066
RISE Vidal,9.979040064521301e-05,0.0005208672500125303,0.00022551469854993858,0.0004178330324330009,0.000281846328029575,0.0015458517096702579
千裡獨行,0.0001014396329828193,0.00028888422546992934,0.00026929685119021595,0.0002459392679421155,0.0006401309193488165,0.0015456908969338967
xAnubisDarkx,9.95590705681073e-05,0.0003244868091148017,0.0002792311652520097,0.00027450458699186355,0.0005672871453045034,0.0015450687772312855
Antcliff,8.89066299483941e-05,0.0006038612310208761,0.00020633437630550335,0.00039026813410415794,0.00025400238358566245,0.001543372754964594
Kitanø,9.050480111424123e-05,0.0005543239397878905,0.00022463963801189153,0.00038764511215500733,0.0002860754110316917,0.0015431889021007225
Quinncidence,0.0001018006981894848,0.0004821837775440815,0.00024237491901741505,0.00036322065072800336,0.0003535237073377886,0.0015431037528167734
your daddy girl,0.00010728534062264255,0.0002469721685005113,0.0002693009353443041,0.00022078299551151414,0.0006979825914185376,0.0015423240313975099
jax w da blicky,8.860839220688699e-05,0.000599664046727303,0.00020465346616431506,0.0004032224874445071,0.0002456318211154855,0.0015417802136584976
jax w da blicky,8.86173154912184e-05,0.0005995478534326703,0.00020467693874112394,0.0004022669426670278,0.00024592977494552776,0.0015410388252775683
happy sally,9.396237295217742e-05,0.0002942381890775417,0.0002710897016893151,0.00024425037121060094,0.0006357634815062452,0.0015393041164358803
Zac ou Dodge,9.115784703214684e-05,0.0005616863000054684,0.0002227516249018935,0.0003253161830308268,0.0003375313763475153,0.0015384433313178508
뭐라고번역하지,8.967069258343915e-05,0.0005899127555843675,0.0002104736382105341,0.0003845923262154191,0.00026357350439050296,0.0015382229169842627
Mothérs Milk,9.328731856281537e-05,0.00036621833977204196,0.0002845916067980129,0.00029968816245786427,0.0004939077159632759,0.0015376931435540104
Yumeko,9.375047659990764e-05,0.00031807922195009017,0.00026940817984549056,0.0002568801413555975,0.0005992835205415192,0.0015374015402926052
l Uta l,0.00010697227397772246,0.0002598996576760025,0.0002690437552952431,0.00023016138583784363,0.0006710325510354694,0.0015371096238222812
TOP GRAND CANYÔN,9.292593354300685e-05,0.00048501021882426873,0.0002490854295195434,0.00036061713910755315,0.00034873028201057077,0.0015363690030049428
gajah strawberi,9.262829338294348e-05,0.00041799477396224963,0.00027077557968102026,0.00032409714998441293,0.0004305902649931805,0.001536086062003807
Suzuran,9.351743840688558e-05,0.0003519830259260383,0.0002795272414497555,0.0002858052701227169,0.000523453989397945,0.001534286965303341
DieThal,9.426479868471756e-05,0.0002985461741517022,0.00027069958160136516,0.0002468281649140863,0.0006230277839978254,0.0015333665033496965
Lumerion,9.031216183552092e-05,0.000554422161009195,0.0002214092092043432,0.00038239811152124964,0.0002824510819361995,0.0015309927255065083
지저스 버돌,0.00010020249511108164,0.0003639061110940446,0.00025568649679971154,0.00027759068972459534,0.0005332870822001077,0.001530672874929541
RespectNuguri,9.186056188064296e-05,0.00046140587855491346,0.0002581732973908819,0.0003518958866144915,0.0003670077026552473,0.0015303433270961772
Cego,9.09187900703882e-05,0.0005261552229662123,0.0002325971240197199,0.0003619180598617834,0.00031682459789065805,0.0015284137948087617
Begìn Agaìn,9.401318662124006e-05,0.0003199473581097706,0.0002730830384888518,0.0002617649346692979,0.0005779835170452062,0.0015267920349343665
Swaggy,8.689437398506992e-05,0.0006140624454062295,0.00018972087294671935,0.0004191088492294027,0.00021621395858730603,0.0015260005001547275
MykeOxLong,9.378581044643183e-05,0.000309661485101635,0.0002715503268124303,0.00025433207357404325,0.0005951587926291117,0.0015244884885636523
화려한 솔로킬,9.341727036318768e-05,0.0003436756275035755,0.00026569090601634025,0.00026927504782633537,0.0005511374379765983,0.001523196289686037
duII,9.39279297055349e-05,0.0003283485093928517,0.0002762454904812997,0.00026937947291086177,0.0005545143712241473,0.0015224157737146954
Fiorajj focado,9.100820257042793e-05,0.0005207257305146864,0.00023348762378546008,0.00036235706766752615,0.00031468925488698337,0.0015222678794250839
10데스 박을게,9.398793489020123e-05,0.0003247651081593898,0.0002695802347003751,0.0002629598396921101,0.0005692583363170492,0.0015205514537591255
Banderas,9.58122019716291e-05,0.0004838082687803951,0.00024061708953809468,0.00035979708917029286,0.0003397104559940919,0.0015197451054545035
0R NOIR PART II,9.200368408687244e-05,0.0004925108990254954,0.00024111051753673013,0.00035546966959126174,0.00033846678441293017,0.0015195615546532899
qxcfgooh,9.18196481655871e-05,0.00046813191097033226,0.00024983674943331854,0.0003443867687858417,0.00036213258434941606,0.0015163076617044958
zihsihderen,8.717671720632065e-05,0.000634929964096586,0.00019155265496404307,0.00038514139664714035,0.00021739360207299551,0.0015161943349870856
Soumaaa,9.24309170433235e-05,0.00043843342951727776,0.00025529092395172934,0.00031998618295432516,0.00040897161857027974,0.0015151130720369357
Ninø Nakano,9.609254903715247e-05,0.0003232271490065283,0.0002699426289900782,0.0002647525364163992,0.0005608814920259903,0.0015148963554761485
SUPERJUUZOU,9.172935092818799e-05,0.00047566173666040016,0.00024664984342203674,0.000345044333576709,0.0003545423679722438,0.0015136276325595779
eclipse1,9.275416634226624e-05,0.00046605856526513,0.0002486265036492381,0.0003472197927623499,0.00035850708761943215,0.0015131661156384164
1134 2 09,9.08157863156721e-05,0.0005460759229749695,0.0002194189285849039,0.00037118579642579327,0.00028562014522487243,0.0015131165795262112
halun1,0.00010838349947504139,0.00039878719975830473,0.0002732978010352633,0.00040452932212834585,0.0003273281862327797,0.001512326008629735
Johnny Sins IRL,0.00010263128076729295,0.00029547678541767055,0.00026705611188805053,0.0002521657348316002,0.0005931354994354918,0.001510465412340106
need patience,9.074369404745083e-05,0.0005388170378007702,0.00022127532970420006,0.0003439506328020312,0.0003106346415652463,0.0015054213359196986
Black Sky324,8.944585935372141e-05,0.0005538457622954422,0.00021244650776965716,0.0003859293071881225,0.00026243923957008073,0.0015041066761770242
Black Sky324,8.940108884675959e-05,0.0005526822471048753,0.00021255242284589105,0.00038689219399346475,0.0002619421606500652,0.0015034701134410558
Omri,9.40047286033061e-05,0.0004909034655659984,0.00023412274943475058,0.0003476767845277551,0.0003360155673749284,0.0015027232955067385
Va por ti Vera,9.367184262248561e-05,0.00032001939137598127,0.00026772638202884435,0.0002596713751289524,0.0005614322251504261,0.0015025212163066897
おけつ,9.373361439330204e-05,0.0003109394639957182,0.0002669440845621413,0.00025345534427781815,0.0005772015960013604,0.0015022741032303401
Neit Ackerman,9.200793412781961e-05,0.00046471343740046205,0.00023790560643294383,0.0003008199504200388,0.0004039109996223411,0.0014993579280036056
Emperor penguin1,9.477521528084878e-05,0.0003049247630132301,0.000271712507816687,0.00025261693553962683,0.0005747544307729343,0.001498783852423327
No longer love,0.00011091516157320943,0.0002849956917544606,0.0003489685354227426,0.0002974432321744213,0.0004563520405226329,0.0014986746614474669
ubORŃaya,9.364251184269297e-05,0.00031881144363804547,0.0002647262646216694,0.00025710142848777746,0.0005631184799959633,0.0014974001285861485
Vizícsacsi,0.00010349106450060476,0.00046022186751392704,0.00022475125571826685,0.00044788793833684275,0.00025903990400358984,0.0014953920300732314
ILikeTheTrueDMG,8.700295779234422e-05,0.0006333263045517683,0.0001825024686144053,0.00037175723754818946,0.00021807221584055318,0.0014926611843472605
woo walk,9.464021078190123e-05,0.0003119577958660509,0.0002650237290254278,0.0002540492788578148,0.0005664790396446128,0.0014921500541758075
sr egg in sag,9.353454797253442e-05,0.0003353201407862241,0.0002658385075550239,0.0002688573745658215,0.0005275687269006789,0.0014911192977802828
半夏微凉,9.361588042624319e-05,0.00031386810728828375,0.00026544116496389367,0.0002545838363468709,0.0005632479911322784,0.0014907569801575699
すまん,9.362034579468358e-05,0.00032213627080812874,0.0002660778760457995,0.0002603483214313063,0.0005482531045922756,0.001490435918672194
Denathor,9.089026376977353e-05,0.0005053910651076046,0.00022857574832806592,0.0003500979133024605,0.00031353222893550737,0.001488487219443412
SAVALLAHTROX,9.435797959624123e-05,0.00033016172385744917,0.00026610225358167025,0.0002668876025821809,0.0005308200031113458,0.0014883295627288874
중졸히키아싸씹덕,8.970315960329181e-05,0.0005546157141658608,0.00020961915276811397,0.00036603201975058384,0.00026750114683342363,0.0014874711931212744
WhiteKnight108,9.819463003526238e-05,0.00032509553683587585,0.00024101062090983234,0.0006202794475829716,0.00020070223291255814,0.0014852824682765001
더기 김경덕,9.390635127275439e-05,0.00032539490973475726,0.0002682346443454215,0.0002643917541466606,0.0005325536229782186,0.0014844812824778124
송창근SONG,9.012938274611601e-05,0.0005833778599959659,0.00019977808812609324,0.000349620820318202,0.00026154432471936544,0.0014844504759057426
Coniy,0.0001014930655700486,0.00041033103736271383,0.0002554750636606499,0.0003401916504569491,0.00037515741479864057,0.001482648231849002
Dodosu,9.356027775516138e-05,0.00036822971203328696,0.0002628859693173718,0.0002890551540314526,0.0004675971233104438,0.0014813282364477165
Federals1,9.390575422976368e-05,0.00032268215002961923,0.0002629830877305566,0.0002592610579027404,0.0005424619920851979,0.001481294041977878
百無聊賴小鯨魚,9.456991856428535e-05,0.000329022581963411,0.000262579952950956,0.0002642350368505811,0.0005305925811103968,0.0014810000714396301
sgssrdbn,9.482719922772413e-05,0.00035843117776650766,0.000261112353450301,0.00028321054214753004,0.00048160781211130073,0.0014791890847033636
Cerillito Casti,0.00010553935416000535,0.00030181639371238463,0.00026900886685273916,0.0002622619601639553,0.0005393786794826726,0.0014780052543717568
PeladoHunter69,9.176809505758644e-05,0.00046621174531907215,0.00023664258565735368,0.0003262744368106688,0.00035503114605828185,0.0014759280089029628
Kikulot1,9.264319230098117e-05,0.00044456677567073806,0.0002431109920644483,0.00032145941806668285,0.00037335313915366205,0.0014751335172565124
지응성,8.822715807735768e-05,0.0005740557618618643,0.00019100023473341202,0.00040034592214427053,0.0002214801361630738,0.0014751092129799783
지응성,8.822729818969916e-05,0.0005736737918410926,0.0001909133877357198,0.00039980524007218775,0.00022146990037378827,0.0014740896182124878
Cowfan,9.314532104167286e-05,0.000520362602581723,0.00019505254960924676,0.0004484243664247098,0.0002167500565947192,0.0014737348962520717
Ágni Kái,9.378661761693973e-05,0.00033502772311619523,0.0002635366530231078,0.0002686394170161067,0.0005127149419399248,0.0014737053527122742
movie trip,9.157898933861072e-05,0.0004653130808542642,0.00023755999134234204,0.0003329716137457961,0.00034544004295773587,0.0014728637182387491
Cowfan,9.329900485308565e-05,0.0005176206039618231,0.0001950955538994586,0.0004491748222710264,0.00021653509115136384,0.0014717250761367576
Rivens feet,9.337382171957116e-05,0.00033596925766500693,0.0002613787113166708,0.00026749171914047256,0.0005100192523346652,0.0014682327621763865
GE Diezly,9.738228124548945e-05,0.00033253284511024477,0.0002580838678773453,0.0002681018140226168,0.0005118448444789049,0.0014679456527346012
Senmary,9.326092879120577e-05,0.00034512678421283705,0.0002615789281662363,0.00027350703715656557,0.0004926255241770907,0.0014660992025039353
PCL,9.076631848857971e-05,0.000554555537371002,0.00020307380576666803,0.00035201213127432763,0.0002656859744631196,0.001466093767363697
cczxzas1,9.760924058836415e-05,0.0003215764000050441,0.0002739508583150436,0.00026318127921662375,0.0005081785285572469,0.0014644963066823224
LDD1,9.448922311053463e-05,0.00033552563232400976,0.00025860827410005956,0.0002665030062181416,0.0005082159398153858,0.0014633420755681315
El Chicø Sigma,9.185863496291433e-05,0.0005458052301910602,0.0002043158127530895,0.00035245585944093086,0.0002680917143737011,0.001462527251721696
ech diu quai,0.00010125707024430879,0.00032814584347434333,0.0002570929101710202,0.00026897802603074636,0.0005067465379703801,0.0014622203878907987
E GIRL KEFFIR,9.653091074527958e-05,0.0003403067342356476,0.00025657282412411796,0.00027175591336211835,0.0004936043620073292,0.0014587707444744928
aqwe,9.28469848013889e-05,0.0003828350611017736,0.0002541261112123366,0.00029174466072787734,0.00043570119659465156,0.001457254014438028
Terrør,9.142207843340515e-05,0.0004697068525118849,0.0002308410748893201,0.0003238586717184712,0.00034122661308702996,0.0014570552906401114
Yeet so Huge,9.392122058417703e-05,0.0004103601471192147,0.00024839370185779304,0.00031188765392839305,0.0003904949591825873,0.001455057682672165
Risace,9.452909749575109e-05,0.0003495252267485437,0.0002565597106635424,0.00027532395885757315,0.0004784357318509949,0.0014543737256164052
LFT Yuno,8.812146272588265e-05,0.000575686540202354,0.00019135552932222495,0.0003639612988487852,0.00023412524037411472,0.0014532500714733616
LFT Yuno,8.812993561576142e-05,0.0005742119793675797,0.0001911681325330831,0.0003628389266936038,0.00023412144086458432,0.0014504704150746124
속고만살았나보다,9.331990466996984e-05,0.00032262284471299573,0.00026252069389082243,0.00026037260246736797,0.0005112063882473798,0.001450042433988536
HAALLOWEEN,8.723420565896533e-05,0.0006144093462799214,0.00017798218938830124,0.000354903428930023,0.0002153686135025771,0.001449897783759788
Shadowest,9.34249106779378e-05,0.0003592518268359356,0.0002542320940870945,0.00027811114421412084,0.00046437267435794937,0.001449392650173038
Mini Cowboy,0.00010249873611090676,0.00032754229067591926,0.0002579445257583348,0.00027288526381873617,0.0004883100980418398,0.001449180914405737
Blazejoo,8.866085111908933e-05,0.0005932497285208161,0.00018362823426130436,0.00035976357768589763,0.0002238249382064735,0.001449127329793581
NNJ Flynn,0.00010003555369092582,0.0003370943148633915,0.00025436903203632374,0.0002736686189753094,0.0004807487225015406,0.001445916242067491
TTV Solitified,8.997331152129021e-05,0.0005271109141287095,0.00020826742676287806,0.0003445583080253602,0.0002746119645488511,0.0014445219249870891
skygge kriger,0.00010552612473938002,0.0004335677650465219,0.00023154026328070808,0.00035985681600988713,0.0003132722397791935,0.0014437632088556906
Orithkeeper,0.00010877137739109276,0.00028981751507208686,0.000269513776567474,0.0002583539953192542,0.0005169925591351722,0.0014434492234850801
Lyfaenia,9.012750390225704e-05,0.0005170865850200924,0.00021101089709088026,0.00033980626187969486,0.0002843088915935819,0.0014423401394865064
Teda98,9.084836824317714e-05,0.0004984703262614836,0.00021697237141054081,0.0003244365674920554,0.00031009868290325095,0.0014408263163105078
114477852,8.822812975682608e-05,0.0005643591211042452,0.00020048599853727468,0.0003418830417132487,0.00024484624402707584,0.0014398025351386704
lanedom is back,0.00010562630265763724,0.00029754124209777874,0.0002596022500828622,0.0002561021139911945,0.0005202594221376884,0.0014391313309671612
FUT StarScreen,9.254020099290737e-05,0.000429839215508199,0.00023728251896899192,0.0003117623916091796,0.0003642778552973513,0.001435702182376629
Yöung Pablö,8.761658419521645e-05,0.0005757400705949237,0.00018665614324770335,0.000357902611499724,0.00022727550111502638,0.0014351909106525937
Ben Zen,0.00010148895736142066,0.00032440286797615493,0.0002533418106176785,0.0002665414927989893,0.0004890095780496193,0.0014347847068038628
Zero To 100,9.213181421461911e-05,0.0004153995865167414,0.0002414297088353905,0.0003055256821435326,0.00037938675284473653,0.00143387354455502
Tepeu,9.16482619348716e-05,0.0004531863168035805,0.00022831269185070554,0.000313035792751164,0.00034716973129852194,0.0014333527946388438
TwiTv Fefes01,8.946368946684516e-05,0.0005453565041021018,0.00019866132099689366,0.00033948460079872813,0.0002602962331599645,0.0014332623485245335
ArchΦiend,9.36409550237407e-05,0.00036118210437883526,0.00025035534324574456,0.00027899956656801325,0.00044826576253118326,0.001432443731747517
Blazejoo,8.929784414391167e-05,0.0005771047387827544,0.00018349392537436127,0.0003585447689039751,0.0002237473412032377,0.00143218861840824
Thomâs Shêlby2,9.176896330985049e-05,0.00045226187909342124,0.00022908396167990088,0.0003171969357928191,0.0003414168697958491,0.0014317286096718407
Zeri Agatsuma,8.906955648657467e-05,0.0005386913495787559,0.00019927791048270438,0.0003509339990435306,0.00025324418734750726,0.0014312170029390728
istealurkneecaps,9.284281050849337e-05,0.000372122750573591,0.00024862260368824847,0.00028431095338998796,0.00042977343600447205,0.0014276725541647927
istealurkneecaps,9.284233589888899e-05,0.0003721109464126242,0.00024856545500552454,0.0002842760408028539,0.0004297022179902023,0.001427496996110094
Ghost7,9.326002820583248e-05,0.0003680373493069055,0.00024873049710670976,0.00028234650320642114,0.0004334762767259822,0.0014258506545518513
mqxsowhatt,9.206449541463418e-05,0.000420401900747688,0.00023741492383739442,0.00030606290099650983,0.0003675886520478194,0.0014235328730440458
UF Trollzelda,9.073785588622564e-05,0.0004998174405922149,0.00021132483478696306,0.00032880611804977607,0.0002921202279279495,0.0014228064772431291
WanBieJi,9.345552909790653e-05,0.0004648488899409845,0.00022074272931963648,0.00032155393012966115,0.00032136888186946704,0.0014219699603576557
Thermodynamics,9.508171665126927e-05,0.0003809257309005516,0.0002432204741711578,0.0002897053991519862,0.00041249206892266665,0.0014214253897976315
Thermodynamics,9.504741421239794e-05,0.0003809223192407151,0.00024324465837481733,0.0002896483726335451,0.0004125502236316565,0.001421412988093132
garo2,9.067392447824316e-05,0.00048052948923574506,0.0002183517199485404,0.0003288433758564827,0.0003029674011007489,0.0014213659106197603
Decøy,9.179239478458265e-05,0.000446392389220454,0.0002286932485621913,0.0003153648454919773,0.0003387046970404804,0.0014209475750996856
Venour,9.08045271219124e-05,0.0005104607838244648,0.00020603885100719749,0.0003391231685008689,0.00027435469708703245,0.001420782027541476
54267,9.047297140962148e-05,0.0004933908393716965,0.0002133107032486149,0.0003279554483719889,0.00029513066359153784,0.0014202606259934596
二十一世紀太公望,9.60180692024086e-05,0.00038585457693518445,0.00024134596582904715,0.0002924747542038569,0.000404198418303301,0.0014198917844737982
hymenbuster73,9.35917400383348e-05,0.0003706644308647471,0.000246382819293839,0.00028386223919605794,0.00042424479851596353,0.0014187460279089423
TheNumberIs7,8.960217903882107e-05,0.000524479139968289,0.00020225763972852806,0.0003328547718951613,0.00026952132235705305,0.0014187150529878525
LFT SHIHAN5,9.047539758068851e-05,0.0005000632217185486,0.00020974151151307912,0.0003331770909635147,0.0002842648198982839,0.0014177220416741148
小熊度甫,9.249443944912486e-05,0.00038663642852263116,0.00024345935122559845,0.00029043900363727015,0.00040398989186921156,0.001417019114703836
RED Beta32,9.204318118028979e-05,0.000431796217354698,0.0002312071536720941,0.00030745580191756907,0.00035386974540893996,0.001416372099533591
Another Love1,8.603452751866e-05,0.0005454886789109286,0.0001816298615585986,0.0004003017728116714,0.00020279085010075544,0.001416245690900614
tomasino,9.214423767619486e-05,0.0005262258738049134,0.00019592388481352768,0.0003547642166925127,0.0002466093139936638,0.0014156675269808123
EYŞÂŃ,9.236204090823273e-05,0.0003952221168340325,0.0002407624845686715,0.00029397680223015497,0.0003903556389711804,0.0014126790835122722
KazeWind,9.828853794689552e-05,0.00037747840054932997,0.00024046087732080342,0.00029199843155489785,0.0004033530365779751,0.0014115792839499018
Årcueid,8.804730121238913e-05,0.0005450798022821664,0.000190649019155042,0.000352138922712728,0.0002345959431136685,0.0014105109884759942
DON BARON,8.939229297228393e-05,0.0005165433135429536,0.00020272166780418272,0.000338260973790742,0.00026346031313603357,0.0014103785612461957
nongbook2,9.254680883962801e-05,0.00037462061574568696,0.00024482035876533637,0.00028356097269133555,0.0004135603113578408,0.0014091090673998279
shetoldme,9.304583024323248e-05,0.0004012737829369169,0.00023712036116201892,0.00029607118047216566,0.00038021886063852137,0.0014077300154528554
Rikako,9.202295711223916e-05,0.0004089737533245738,0.0002361546674244834,0.0002989527268911734,0.00037106114462981496,0.001407165249382285
TTV KERBEROS LOL,9.100424771323844e-05,0.000520443057047628,0.00019603582418146977,0.00035262980571686354,0.00024683815111888285,0.0014069510857780828
bodaZZZ,9.043262266527712e-05,0.0004821189422652717,0.00021393808623901546,0.00032963451605037386,0.0002906382277151139,0.0014067623949350519
KazeWind,9.91205474574372e-05,0.00037422606543531875,0.00024000019501563976,0.00029135247448076976,0.0004020595559611747,0.00140675883835034
BOBtimer,8.7704190539735e-05,0.0005454683666802463,0.0001877685989995113,0.00035748940678381584,0.00022771400486664667,0.001406144567869955
YouShouldKnowMe,8.860482137014216e-05,0.0005389674302169678,0.00019168267496500884,0.00034782260085493874,0.00023834427281639958,0.0014054218002234572
xiao xin nv ren,9.011574698044228e-05,0.0004981251237370974,0.00020688806637841222,0.0003284844728926588,0.00028011984864592475,0.0014037332586345353
ZouSenpai,8.795379150656384e-05,0.0005431990773801388,0.00018958295274060916,0.0003500880752887366,0.00023281672253929115,0.0014036406194553397
ZouSenpai,8.795371835732369e-05,0.0005430632179574042,0.00018956057209842164,0.00034998015391501285,0.0002328117936293634,0.0014033694559575259
balkanzacc29,9.184810472101771e-05,0.0004250535556931385,0.0002300640962719213,0.0003039085514045586,0.0003524388827232025,0.0014033131908138387
CRINGE GAMER,8.933582785237627e-05,0.0005170236324449024,0.00019977491064586511,0.0003355762490696736,0.00026147672510994644,0.0014031873451227639
IMT Revenge,9.593459036304552e-05,0.00027274454710922474,0.0002555432812043653,0.00022430775543557982,0.0005545735158221696,0.001403103689934385
BurritoTopKing,8.989743198571811e-05,0.000499972492889778,0.00020619437933271136,0.0003304932751234061,0.00027515649690990995,0.0014017140762415236
CRINGE GAMER,8.932986384391399e-05,0.0005157266346677231,0.0001996271775221668,0.00033539449169615496,0.00026113285701899415,0.0014012110247489532
千鶴千鶴千鶴千鶴,9.240618108011528e-05,0.0003845856511406683,0.00024083218492331176,0.0002877983363185384,0.0003947566735416869,0.0014003790270043206
White Snow,9.125801572522284e-05,0.0004850510982182746,0.00020977128204960734,0.0003241005991901195,0.000288899657390414,0.0013990806525736384
unplayable,8.977650231256691e-05,0.0004976951687559232,0.00020582330667690286,0.0003337653492766465,0.0002716850303592053,0.0013987453573812447
King Chup4pinga,9.115648696594922e-05,0.0005076237227334551,0.0001998830746920169,0.00033353395057742104,0.0002640977775181225,0.0013962950124869647
Kęii,9.093014648002818e-05,0.00047552817999292824,0.0002123015363763232,0.000320917624278191,0.0002955398834776223,0.0013952173706050929
GO Ragner,9.403310589021835e-05,0.0002531674819718329,0.00029394839402954915,0.00022354814171661908,0.0005297315386506458,0.0013944286622588652
Rival,8.992367919708158e-05,0.0004886912057387062,0.00020698534846628653,0.0003246866782525993,0.000278474016456557,0.0013887609281112306
DLPW S1425713161,8.799354161110458e-05,0.0005381479381004287,0.00018517816734093216,0.00035021803489393893,0.00022478711745369217,0.0013863247994000964
DLPW S1425713161,8.798620438627862e-05,0.0005376942010821116,0.00018513410952830647,0.00034995661775280085,0.00022476817558459892,0.0013855393083340964
Xiaolaoshuzzz,8.759495517395442e-05,0.0005536161103101977,0.00018053540463969562,0.0003387516775153266,0.00022257572805880305,0.0013830738756979775
Xiaolaoshuzzz,8.760241143427714e-05,0.0005533842623065328,0.00018053766167876455,0.00033872564644529807,0.0002225802003907586,0.0013828301822556312
Darkdeka,8.698521341639181e-05,0.0005382839923556281,0.0001821922119223213,0.0003574974779796894,0.0002158182054965197,0.0013807771011705502
TTV zDevost,0.00011647654842436002,0.00021687331491540056,0.0002650821701998257,0.00020289681801457992,0.0005792742677517609,0.0013806031193059271
Sk8er Boi,0.00010182961945921906,0.0003417322779863088,0.000241361140299484,0.00027597542052264695,0.0004159195751768646,0.0013768180334445233
MaruchanHabanero,8.934455048824786e-05,0.0005287585079659349,0.00017833803237479447,0.00037137019695741375,0.00020805730618879078,0.0013758685939751817
terankoman1,0.00010684698618116786,0.0002955575656318922,0.0002496101728764701,0.00025314720407776484,0.0004703970523017735,0.0013755589810690687
MaruchanHabanero,8.938431085803087e-05,0.0005281457424519306,0.00017831778337338796,0.0003714096556239009,0.00020801082130978563,0.001375268313617036
Diavolo,8.865694121257203e-05,0.0005165379019875006,0.0001922012283730481,0.0003327595577465051,0.0002448736733783711,0.001375029302697997
Perma Ban Kayle,9.521408398366929e-05,0.0004934352106566643,0.00019307011675589352,0.0003483604764307647,0.0002438635584413356,0.0013739434462683275
spiritual state,8.851096134503761e-05,0.0005194900482974414,0.00018984987210023753,0.0003342040222251782,0.0002405174157817356,0.0013725723197496303
spiritual state,8.849377611051438e-05,0.0005177883681851625,0.00018965823304177375,0.00033419962770785914,0.00024002725037614638,0.001370167255421456
HARDFIST,8.795476902588165e-05,0.0005241950994948606,0.00018576979917943199,0.0003414546390145836,0.00022909066076965852,0.0013684649674844162
HARDFIST,8.79534145585744e-05,0.0005237363387348801,0.00018573532084579893,0.0003412934849748944,0.00022905695328440635,0.0013677755123985543
Masterian,0.00010298099962987652,0.00036832269487581794,0.00023171969927228094,0.0002924912092154413,0.00036960975100872094,0.0013651243540021376
panda zzz,8.83479702328319e-05,0.0005157482576035767,0.00018908658427514605,0.00033182527014804846,0.0002387662193653925,0.0013637743016249955
panda zzz,8.83482322454386e-05,0.0005154414390656244,0.0001890883365602489,0.00033171252614365795,0.00023877177535648456,0.0013633623093714544
HiKaRi Yone36,0.00010968170446700714,0.00032565597800870684,0.00025109960618333174,0.00029013230317619603,0.0003861473199790902,0.0013627169118143319
BROK3N123,8.668955128579471e-05,0.000525092200091113,0.00018057447157063247,0.0003556478054734452,0.00021203685595418047,0.0013600408843751658
BROK3N123,8.668968307538737e-05,0.0005246055599552806,0.00018055419361235042,0.00035547285738246387,0.00021202660372630786,0.0013593488977517902
FixDiff,0.00010857766614462254,0.000320102231974366,0.00024598368754057923,0.00027696889684944426,0.0004075296299488457,0.0013591621124578578
Anya Starlight,8.992670626206976e-05,0.0005161603841604065,0.00018274061312129975,0.0003431675887223757,0.00022421135029957243,0.0013562066425657241
Anya Starlight,8.98677621159293e-05,0.0005158146311785453,0.00018269441129436536,0.00034272853018556655,0.00022420033097656633,0.0013553056657509728
pzxctqw,8.945716796458191e-05,0.0004891925216510518,0.0001947568654987234,0.0003268837106464855,0.00025152597088962244,0.001351816236650465
Hanna 2K4,0.00010783482487152694,0.0003789563822945395,0.00022332565555893618,0.0003012199218175767,0.0003392356942195711,0.0013505724787621506
bie yi han,9.257614696942224e-05,0.0004975633557364005,0.0001853157309882583,0.0003394881388073423,0.0002321861117590289,0.0013471294842604523
bie yi han,9.263523227208248e-05,0.0004960080636721459,0.00018522751007948553,0.00033999087005307774,0.00023173941566022885,0.0013456010917370204
Yoda Sansky,8.688509887284862e-05,0.0005196199995727211,0.00017915585090149959,0.0003449988761536191,0.00021373986672005785,0.0013443996922207462
ΤΟR,8.832559777277418e-05,0.0005170349606190465,0.00018116394499663775,0.0003346937479620892,0.00022281162015768845,0.001344029871508236
ΤΟR,8.83757650362063e-05,0.0005165836963282816,0.00018114191260844094,0.0003346284147855474,0.00022281888399745557,0.0013435486727559319
Venhamin,8.806940025612432e-05,0.0005131405581178029,0.00017929451185653766,0.0003349284669562743,0.00021878673588369337,0.0013342196730704325
Venhamin,8.806969913390828e-05,0.0005129008385544137,0.00017927832957233186,0.0003347802406233562,0.0002187886476136991,0.001333817755497709
Senkı,0.00010751392691010103,0.0003252122101032044,0.00023569192936910108,0.0002729540353600749,0.00039225546567773904,0.0013336275674202204
Besso,8.714888430923019e-05,0.0005103752064022118,0.00017963837658197695,0.00033791269364770915,0.00021739885352714802,0.0013324740144682761
Besso,8.711180579347512e-05,0.0005084325845261819,0.0001793850145474871,0.0003378664774886617,0.00021685380877073157,0.0013296496911265373
little Aatrox,9.095426116557517e-05,0.0004980972943727,0.00018179963729568854,0.00033263547363597984,0.00022602747315254753,0.001329514139622491
rainy days,8.676744460546138e-05,0.0005142371180735819,0.00017701935725174394,0.0003356785127426978,0.00021257187244667645,0.0013262743051201615
rainy days,8.676732080667402e-05,0.0005141107018392712,0.00017700068274879917,0.0003355802743408601,0.00021256733305535346,0.0013260263127909582
ARAM,0.00011853498357271549,0.0002753845838648694,0.00030108593625485254,0.0003126315255853732,0.0003169674495233028,0.0013246044788011134
Expelles,8.693754340788938e-05,0.0005014870988939894,0.00017967826302959996,0.00033968683023666215,0.0002148856735683811,0.001322675409136522
o temido bagre,9.377414837027543e-05,0.00047931267819189085,0.00018091662336711678,0.00034098433782289256,0.0002220320084951696,0.0013170197962473452
o temido bagre,9.396436009927686e-05,0.00047867006006698524,0.00018099617213722228,0.0003409363079600656,0.00022221482549049363,0.0013167817257540436
Soy Vegeta,0.00011505191635814577,0.00031433771345580104,0.0002340166720469593,0.0002701797707714218,0.0003777571178528604,0.0013113431904851884
Split Push,8.832833154553186e-05,0.000493825950807942,0.00017849317734161313,0.0003273374695085943,0.00021841168297560636,0.0013063966121792875
Split Push,8.832834636310272e-05,0.0004937842077360841,0.00017849320293660486,0.0003273208928052657,0.0002184119799836474,0.0013063386298247047
なつめです,8.686558092713294e-05,0.0004957427026167681,0.0001766537326185935,0.0003270358765681762,0.00021392664690312094,0.0013002245396337916
WindLoL,0.00010685557297689517,0.0003627698027290835,0.00021652145162379582,0.00029454145025248124,0.00031920064932881083,0.0012998889269110665
Waku Waku Week,9.474917202846192e-05,0.00046020764949261737,0.0001771346940170559,0.0003573703400312942,0.00020753873346470068,0.00129700058903413
Waku Waku Week,9.481748417255746e-05,0.00045947522844675624,0.00017716547603679705,0.00035768652547370596,0.00020745124717822547,0.001296595961308042
wlzz,9.363163989210919e-05,0.00047023391707104895,0.0001796103915471016,0.00032987943429888276,0.0002227574412771114,0.001296112824086254
Solarbacca,8.618731973638946e-05,0.0001789247497530028,0.0005867935871323619,0.00022561474553719094,0.00021791037912995254,0.0012954307812888975
Kirov,0.0001165106984302067,0.00024602425901311463,0.00024408376639193746,0.00022296397661998013,0.00046525536039889544,0.0012948380608541344
BeteIgeuse,8.92043069279841e-05,0.0002358940805470379,0.0004197618739518092,0.00026664325295861386,0.00028310408146297174,0.0012946075958484167
wlzz,9.374776126411122e-05,0.00046869035312379796,0.00017950440044613129,0.00032952906803108956,0.0002226259430631242,0.0012940975259282542
Find Team,8.23528701171793e-05,0.0003644874655396825,0.00018062328250198858,0.00048512706506474945,0.00016775309067715245,0.0012803437739007525
Pichu,8.61083964697165e-05,0.0004913224914086931,0.00017006401471092436,0.000323190875386024,0.00020336269184247367,0.0012740484698178316
Helcrank,0.0001014757308036969,0.0004173251893822461,0.0001851476650269663,0.0003350550917577181,0.0002270229357515272,0.0012660266127221544
어쩌라고맞짱뜰까,9.128866340205487e-05,0.00019725025029111403,0.0004944982714014761,0.0002660845877608458,0.00021653279805280515,0.001265654570908296
Shrek,9.253839351968503e-05,0.00045754112167016787,0.00017185551338795585,0.0003252763700522177,0.00020782456156544522,0.0012550359601954716
한국화약 황사장,8.992072648989199e-05,0.00023189138510292204,0.00039541293683436273,0.0002620798272316367,0.0002736002957903688,0.001252905171449182
Shrek,9.295635683788416e-05,0.0004531689091910678,0.00017165488886770024,0.0003244351342773582,0.00020758609878605375,0.0012498013879600643
Geiger,8.515715083226946e-05,0.00046398062903581846,0.00016522941795139477,0.000352763868630097,0.00017643194282717566,0.0012435630092767554
Geiger,8.50968587678151e-05,0.00045888920443688493,0.0001652107677580134,0.0003523941000312769,0.0001759480073109961,0.0012375389383049865
SappyMaskSalesmn,8.512011943931071e-05,0.0004706070927895688,0.00016436872275092144,0.00032537504614932723,0.00019044178160935454,0.0012359127627384827
SappyMaskSalesmn,8.512589717910356e-05,0.0004678818155040955,0.00016451145696907418,0.0003247797063315386,0.000190564091407555,0.0012328629673913666
摳腳JO太郎,0.00011560033568742225,0.0002819532847868446,0.0002253745623341975,0.0002488197579576241,0.00035888231719637386,0.0012306302579624623
台服蠻王教科書1,0.00011516575383003476,0.0002909670417111973,0.00022226034469529607,0.00025530278268454993,0.00034649763897788197,0.0012301935618989602
Divinetheon,0.00012133244324769961,0.0002444604554627574,0.00029487695777959697,0.0002901957392493603,0.00027932278651821756,0.001230188382257632
0NSUZ UCURUM,0.00011712342248437352,0.0002745460078129151,0.0002274081744423607,0.0002457124957733526,0.0003640550219953485,0.0012288451225083504
recep ivedik OTP,0.00011431389599391021,0.000303911621039014,0.00021732963148112422,0.0002651987423287553,0.000323455699122225,0.0012242095899650286
OtpRiku,9.641878727432947e-05,0.0004318961933994359,0.00016954303915112646,0.0003214330417595141,0.00020469101028345216,0.001223982071867858
OtpRiku,9.651568493726175e-05,0.00043093333213334534,0.00016946245842002484,0.0003212017918554535,0.0002045768000279339,0.0012226900673740194
Dương Phạm 15 HP,0.00011742089811693931,0.00028302658909577197,0.00022375255783885445,0.00025387846188077416,0.00034067811197523244,0.0012187566189075724
GARENK1NG,0.00011999286270621121,0.0002498212773496095,0.00023210478287070068,0.0002279034001214083,0.00038836993190172203,0.0012181922549496518
siornn,0.00011361457947979821,0.00030951769738149173,0.00021322961761196437,0.00026732249078918995,0.00031308180267212895,0.0012167661879345733
Haka,0.00010110773195154701,0.00040186206441108964,0.00017437453949781167,0.00031848811845330724,0.00021192699750737662,0.0012077594518211322
Riven king,0.0001228772629389621,0.00019929095235653613,0.00024006670214607358,0.0001878130494379079,0.0004524445774472978,0.0012024925443267775
ni lai wo siii,0.00011910734578225031,0.0003185401761867486,0.00020486535295063702,0.00031503148117101385,0.00024220480887761407,0.0011997491649682638
Δ Desperate,0.000123136520037035,0.00020021308706823451,0.0002385115488757091,0.0001884319011924682,0.0004477473856906853,0.0011980404428641321
SK JENAX,9.041100088303168e-05,0.0002760871899051055,0.00024196068268304363,0.0003955178235960492,0.0001889712532700929,0.001192947950337323
Gantim,0.00012377253232099115,0.00024100378240548537,0.0002272684859588628,0.0002229841807687512,0.00036638711415707455,0.001181416095611165
ZRUXKNFNGI,8.787137249748799e-05,0.00040398269903421186,0.0001810149565836346,0.0002929214305142924,0.0002111312342280636,0.0011769216928576905
Thago,0.00011061994987876064,0.00033881483081002895,0.0001895015948322497,0.0002899136390331396,0.00024485626146816955,0.0011737062760223485
Trùm top,0.00011945597498648013,0.00027981442130537164,0.00021154812026924065,0.00025064507283072265,0.0003086174485877502,0.0011700810379795654
b d l n,0.00010571638531059208,0.0002523973563180005,0.0002635623411463159,0.00032632893443416044,0.0002146406415813674,0.0011626456587904364
EIated,0.00012716449328289462,0.00022745634922550923,0.00022114205489195973,0.00021180485908140503,0.000354005686672665,0.0011415734431544336
mewinnersqueue,0.00012089724646337456,0.0002902303354736225,0.00019825826335487392,0.00026914870320033545,0.0002570967803861014,0.001135631328878308
Kem Bông,0.00013225835430758848,0.00022112120969843287,0.00025911722167598687,0.00024273735478838658,0.00028003405444517257,0.0011352681949155675
Cylainius,0.00011447446146362583,0.0003131127836674412,0.00018744100967914014,0.0002733607395952932,0.00024359763040778537,0.0011319866248132857
chunkyfart123,0.00010645014850305654,0.0003323922431204076,0.00016751869981366233,0.00029707241487047267,0.00019607887298624512,0.0010995123792938441
chunkyfart123,0.00010662549482825464,0.0003308618768418103,0.00016734816125850695,0.00029625954896643595,0.00019579465330278337,0.0010968897351977913
lExiledBladel,0.00013210486918795685,0.00022472528187222557,0.00020830102635544507,0.00021085612316755725,0.00030799437259903037,0.0010839816731822152
速與我擊劍,0.00013117341884861183,0.00023464790312579365,0.00020403827329382377,0.00021901794005628003,0.0002929969364252968,0.0010818744717498061
Pákó Dlayer,0.0001049576148142818,0.00033075887789599495,0.00016416883952945403,0.00028050477460615206,0.00019693146700633938,0.0010773215738522223
Pákó Dlayer,0.0001053250917598789,0.00032776073457731604,0.00016382902277254933,0.00027902543874021833,0.000196394635018509,0.0010723349228684716
TwTv KoKooPuffs,0.00013373456843686146,0.00018629230829536136,0.00021774511973221357,0.00017791537695659068,0.00035070714256626084,0.0010663945159872879
NOVO Lobellan,0.00011195089987313792,0.0003049167563807254,0.00017062503707445927,0.0002690970047593337,0.00020976807006029276,0.0010663577681479489
NOVO Lobellan,0.00011281672328400613,0.000298151095609235,0.0001693870153605753,0.0002651749156284316,0.0002076234456571043,0.0010531531955393523
Riven Pidona,0.00012310265168723417,0.000272602565433814,0.00017977481570827992,0.0002556768458522251,0.00022190710171942246,0.0010530639804009756
김민교만나면던짐,8.28153710041393e-05,0.00018918118257280279,0.00033386781955922046,0.00025338840367025673,0.00018224160323458233,0.0010414943800410017
Sssuperset,8.07742075726787e-05,0.00022057057053285236,0.00023281312320968026,0.0003366399810309577,0.00016041737975417593,0.001031215262100345
shogun123,0.0006069879639965602,0.00010049157920580201,0.0001007539863180449,0.00010153096421450278,0.00010975612157857999,0.00101952061531349
Desha,0.00010855924855862659,0.00029930038971446676,0.00015812692593471827,0.00026508267037314787,0.00018691487669268226,0.0010179841112736418
Легкий,0.00011416278750394065,0.00028601703573613216,0.00016330482205082224,0.00025597294445823605,0.00019750362783605953,0.0010169612175851906
Tekken 8,0.00012086303647493639,0.00024498461822925046,0.0001809249675863937,0.00028850000587095175,0.00018117396262598608,0.0010164465907875184
Desha,0.00010860077674457355,0.00029862788611677966,0.0001579385390420062,0.00026423075752103,0.00018683925514436292,0.0010162372145687522
草太先生,0.00014495971227740557,0.00019879738810825684,0.00019629137591628158,0.00019198486768113297,0.0002703084279604157,0.0010023417719434928
cRa 11,0.00015017933496771195,0.00018195659888551864,0.00019326707270125854,0.00017636742615392527,0.00026959475413089776,0.0009713651868393122
Vortum,0.00015061099997628892,0.00018642040131485187,0.0001910853066832598,0.00018092610445595708,0.000261391633828808,0.0009704344462591657
Samuel Kim,0.0001348730186726097,0.0002292048076029016,0.0001691294524340408,0.00021730838040685,0.0002105152355336622,0.0009610308946500643
VlaDzukill,0.00014562945055584086,0.00020643608524968958,0.00017822620910445855,0.000198285567154907,0.00023033294574996427,0.0009589102578148603
Samuel Kim,0.00013516274167615298,0.00022805241410432415,0.00016854422409468215,0.0002166078773873267,0.00020933978238240738,0.0009577070396448933
Cosmic Clown,0.0001510010787560166,0.00020022658955536106,0.00018007410467784122,0.0001967868820683229,0.00022614309332271782,0.0009542317483802597
地上最暖男,0.00014779982885341567,0.00020562688019379075,0.00017515146301625353,0.0002003858450067752,0.00021938630172473083,0.0009483503187949659
살퀸레,8.181185430764342e-05,0.00017565124380570637,0.0002919986530785189,0.0002195337045306529,0.00017515502436880724,0.0009441504800913288
NazZarusiek,0.00012063539653592637,0.0002478913285985997,0.00015258005418117754,0.00024050322864960517,0.00017305145478951423,0.0009346614627548231
半糖還是不甜,0.00011252544468458273,0.0002597471220202732,0.00014837214291643332,0.00023943971807965545,0.00017162185941305917,0.0009317062871140038
NazZarusiek,0.00012140604811635744,0.00024438465909744925,0.00015183690497384735,0.00023779981697585274,0.0001719448347630727,0.0009273722639265795
Müneccîm,0.00015007414813763555,0.0002007116195376553,0.0001682543276992884,0.000194860297955795,0.00020922313037261665,0.000923123523702991
DUDA LINDA DMS,0.00015647943124434137,0.0001936547158036779,0.00016753560143184081,0.0001947945459870261,0.00019712657473982398,0.0009095908692067101
PaoPaoPW YuJian,0.0001656757228845893,0.00016567176830387695,0.00017963391971530061,0.00016320115428164705,0.0002341343039261485,0.0009083168691115626
Yutaa,0.0001569261930777982,0.00018873433244927265,0.0001647425679719181,0.00018328161197511057,0.00020543341098747318,0.0008991181164615727
lunacia,0.00016902046832176093,0.00016257363677003032,0.0001774446927978545,0.00016058104404993788,0.0002290309879415123,0.0008986508298810959
我想當你的姬姬,0.0005167641657898383,9.079470209692367e-05,8.99466554580365e-05,9.2795525688067e-05,9.499163461423279e-05,0.0008852926836470983
Pengunini,0.00012640113355556447,0.0002242895241654869,0.0001469744133157653,0.0002128969125157496,0.00017174208261945653,0.0008823040661720227
ICON K chø,0.00014130168983830034,0.0002056793560807982,0.00015135300070416368,0.00019826386652665851,0.0001800168104289352,0.000876614723578856
TOPKING,0.00016236761029626574,0.0001832456958130671,0.00015764412395588467,0.00018055398403811227,0.00018967210667153868,0.0008734835207748684
Hiuu2 x Tmar,0.00014489717045704006,0.00016958466694333963,0.00018030946059374747,0.00020054400633445627,0.00016294587372102655,0.00085828117804961
Pengunini,0.00013118667837560204,0.00020948470423806423,0.0001426300314467314,0.00020125513829732675,0.000165293161691902,0.0008498497140496265
The amazin spidy,7.853962249621659e-05,0.0001838479557197958,0.000195551505153446,0.00024396220967843262,0.00014225383330944405,0.0008441551263573352
Trusts Me,0.00018756827136463816,0.00016176851965480366,0.0001539998137204963,0.00016503365474057703,0.00017556227296356425,0.0008439325324440794
Allorim,0.00035404383032402754,0.00011476492092189712,0.00011886298057025114,0.00011568655736181483,0.0001335636437465386,0.0008369219329245292
oOYi一JiangOo2,0.0001821915135079296,0.00016391911044143033,0.00014885276960253447,0.00016196212945424415,0.00017801017629059075,0.0008349356992967293
Azhy,7.638734808680485e-05,0.0002444942831895395,0.00013894374839691485,0.00023780876621980757,0.00013578070450464956,0.0008334148503977163
Panghi,0.00015684620740966885,0.00017924944430335187,0.00014436521231186156,0.0001824715553107285,0.00016144060476144204,0.0008243730240970529
You are Mine tea,0.00014668116073958333,0.00018759862081697053,0.00014039592375766433,0.00018351776243448725,0.0001626792758195528,0.0008208727435682582
MegaJ,0.00047138114288382136,8.613555105624256e-05,8.440095161970156e-05,8.733361939013221e-05,8.984163240639655e-05,0.0008190928973562943
Ascendant,0.0002540677351851678,0.00012942281470986725,0.00013707581036436745,0.0001304006689038435,0.00015797979230880696,0.0008089468214720529
Calcetin Sucio,0.0002124640455449438,0.0001464027476539063,0.0001393708575242337,0.00014642084984829232,0.00016227869801023137,0.0008069371985816075
GuizorPET,0.00018564925949612245,0.00015881880631041955,0.00013902746074624984,0.00015778980964001844,0.00016183274521966253,0.0008031180814124728
Random 752937,0.0001911169465020217,0.00015527296509953325,0.000138682313959039,0.00015804698715449767,0.00015529249439661497,0.0007984117071117066
Laines,0.0003170699838066059,0.00011766966389208778,0.00011386164748646002,0.00011853717682368526,0.00012675179493986356,0.0007938902669487025
6R Elokrix,0.00027668415383936797,0.00012613240908600524,0.00012229750261585976,0.0001273716581048231,0.0001370728656275908,0.0007895585892736468
SRY TOP GAP 15FF,0.00036570014814952384,0.00010441648890612213,9.954197013018125e-05,0.00010569712750120205,0.0001079807122022229,0.0007833364468892522
Aruø,0.0002670621013250279,0.00012690003201703187,0.00012073891010811852,0.00012768730558518202,0.00013576376097999224,0.0007781521100153526
Jeche,0.0001573012002963932,0.00016676463807668734,0.00013094617750209877,0.00016771510301322694,0.0001458215105008236,0.0007685486293892299
Jeche,0.0001577083531757803,0.00016618841085209697,0.0001306730915905906,0.0001671803282466732,0.00014545197451344325,0.0007672021583785843
Deathmaśter,0.00042110505440911297,8.366780320609602e-05,8.390946341516437e-05,8.610792427340835e-05,8.69497036526753e-05,0.000761739948956457
YOUSEEBIGGIRL123,0.0001968530361405888,0.00014601434450616475,0.0001265667876979771,0.0001464205509770617,0.0001428157947887782,0.0007586705141105705
Ruì,0.00014742391490748345,0.0001702148186983084,0.0001276732224052686,0.00016808578413879461,0.00014367520999843713,0.0007570729501482922
Onaldash,0.00015977580869430078,0.0001595185122305232,0.00012886897989059434,0.00016496515439602642,0.0001387132814485982,0.0007518417366600429
Onaldash,0.0001605011921725415,0.00015851351099745222,0.00012842178956640345,0.00016404246043078387,0.0001380623243774941,0.0007495412775446752
PCS Misanthiel,0.00020771028670551288,0.00013861337708827133,0.0001247110161300447,0.00014299131594138005,0.00013481873424032087,0.0007488447301055298
T21 Kedeck,0.00025129031180321903,0.00012153096998347733,0.0001104951278802775,0.00012353891986266748,0.00012014672129936763,0.000727002050829009
Weakside Chump,0.00021202455886930465,0.00013003102269889747,0.0001143725640307304,0.00013243269210886098,0.00012439884303038832,0.0007132596807381817
ZEN Miyahara,0.00028142814627271347,0.00010960388909652548,0.00010115510573012559,0.00011135773749772464,0.00010909310397171524,0.0007126379825688044
B4nny,0.0002719825937395866,0.00010078078779992133,9.245150542717346e-05,0.00010208488233091704,9.916420344094027e-05,0.0006664639727385388
socorromcorro,7.715944889064022e-05,0.00015173518797248267,0.0001245453525190449,0.0001349173999429177,0.00014193067034483256,0.000630288059669918
Permaban12368903,7.25287082426206e-05,0.00011627083171473485,0.00017349596182806833,0.0001422486935383004,0.00011592232641256754,0.0006204665217362917
Shién,0.0001740197295694011,0.000112160885045734,9.432002352783953e-05,0.00011312679314394358,0.0001010435781182373,0.0005946710094051554
Shién,0.00017456579946084245,0.0001114992662944362,9.392778586628364e-05,0.00011248037723704119,0.0001005752896485231,0.0005930485185071267
No1 Proga,0.0002633172681432761,7.339982067842227e-05,7.165985039034857e-05,7.449886356856844e-05,7.50513854497186e-05,0.0005579271882303339
PapiTeero,0.0002418936531664404,6.63532089236365e-05,6.710439819619477e-05,6.730029710517149e-05,7.005681718962193e-05,0.000512708374581065
Octobonus,0.00021106212073344256,7.623864714346465e-05,7.207381789211086e-05,7.753636240831538e-05,7.521809591338419e-05,0.0005121290440907177
WANGZAI QQT,0.0001938104658845508,6.956250621956889e-05,6.67902518475356e-05,7.063197807643696e-05,6.95299751368717e-05,0.00047032517716496397
WANGZAI QQT,0.00019168989008141923,6.924602323755695e-05,6.650071288983338e-05,7.03135381598188e-05,6.920766153288186e-05,0.0004669578259015102
zjoaomegaferapvp,0.00017846370755263716,6.736290983836033e-05,6.531473530338782e-05,6.882671450898703e-05,6.720012164130218e-05,0.0004471681888446745
Isshin Ashina,0.00016425640376421102,6.521189379100999e-05,6.265091203056391e-05,6.618603045928236e-05,6.49662266332699e-05,0.00042327146667833716
kocourek kolofou,0.00015802490441655105,5.902037490330873e-05,5.8886753779918784e-05,5.985503776946403e-05,6.095126324940523e-05,0.00039673833411864784
Zacarvis,0.00015008341213001988,5.9175798760433374e-05,5.856089828899585e-05,6.016817164504745e-05,6.030826691921903e-05,0.0003882965477437156
Isshin Ashina,0.00014484885769945597,6.11763603282234e-05,5.9067304447501344e-05,6.207463572144723e-05,6.105233182369589e-05,0.00038821949002032383
Wufo9,0.0001421508151758598,5.835103642225642e-05,5.7303451068981784e-05,5.917521684536694e-05,5.9197222120606016e-05,0.000376177741633071
果醬同學,0.00014060916995577779,5.731683925060032e-05,5.668700789988959e-05,5.8121200822252194e-05,5.853335518412405e-05,0.0003712675731126439
l3R0K3N,0.0001398752519024936,5.646892905444542e-05,5.649449311844703e-05,5.7422460264909946e-05,5.805543980357672e-05,0.0003683165741438727
anibalon3,0.00012418048149160157,5.4012093061723594e-05,5.370778746107009e-05,5.48094478287437e-05,5.522686740536754e-05,0.0003419366772485065
TPAA IhY0,0.00011941548202167551,5.416013664045767e-05,5.33294458750683e-05,5.499713480599594e-05,5.473800136377949e-05,0.00033664020070697695
Saymonela,0.00011818877304659228,5.449920423287838e-05,5.326276514749513e-05,5.526765709093267e-05,5.4790907926863346e-05,0.0003360093074447618
Saymonela,0.00011565840486181189,5.389187211201661e-05,5.270344210154741e-05,5.464600270582826e-05,5.4190803936942606e-05,0.0003310905257181468
TARDE SETT TUTE,8.086677091762891e-05,4.384830114367785e-05,4.358518060637647e-05,4.43898900995719e-05,4.452407427103149e-05,0.0002572142170382866
P1K1T1T0,8.003247904129105e-05,4.410654094227296e-05,4.3776292604976065e-05,4.4812671814798816e-05,4.445979078560057e-05,0.00025718777518893944
Lawas,7.82093199415624e-05,4.251862077984517e-05,4.268749184105633e-05,4.305849392569448e-05,4.355189020264758e-05,0.000250025816690806
Ta Pewnie Tak XD,7.410903226978545e-05,4.2764431988443104e-05,4.194549694451174e-05,4.329161130997271e-05,4.2766013450246244e-05,0.00024487658596295924
Ta Pewnie Tak XD,6.983686664981417e-05,4.123704362698881e-05,4.050683020596263e-05,4.173395004652444e-05,4.1259457146016726e-05,0.00023457414767530675
Quý Không Béo,6.946914206582911e-05,3.988712639636375e-05,3.99475790162853e-05,4.035343509917973e-05,4.070960417752786e-05,0.00023036688675518577
TusRo,5.552908756719348e-05,3.539098376134088e-05,3.511985428171034e-05,3.5805543524238516e-05,3.56126928174415e-05,0.0001974581619519247
TusRo,5.443782339246138e-05,3.493636359163604e-05,3.467763455334867e-05,3.5341429880303994e-05,3.515544257188769e-05,0.0001945486939896378
Srimakonda,5.0818501333867466e-05,3.337424879838677e-05,3.313392088458426e-05,3.372211093196154e-05,3.359870616954179e-05,0.00018464748811834183
RANGED TOP LANER,4.844317513166282e-05,3.244402908757055e-05,3.231686213548432e-05,3.287698714036842e-05,3.258304993583471e-05,0.00017866410343092085
하루카,4.743919953430946e-05,3.153803919649259e-05,3.1570324197074294e-05,3.184863147837628e-05,3.1998466647523656e-05,0.0001743946610537763
CMNZ,4.466354634271975e-05,3.0230154641608685e-05,3.0320609105019814e-05,3.052266887559134e-05,3.070411292973408e-05,0.00016644109189467367
love Yue Ying,3.9078584975829855e-05,2.7576322182292714e-05,2.7688231109514687e-05,2.784956680439447e-05,2.795573849808694e-05,0.0001501484435701187
UTC Jpeeid,3.282482798267033e-05,2.445603386504609e-05,2.4614274004826856e-05,2.4762187700575105e-05,2.466157873585557e-05,0.00013131890228897396
RISE Zecas,3.1122267897676513e-05,2.3313964023743498e-05,2.3422386597442864e-05,2.3498204998714033e-05,2.3630418037420593e-05,0.0001249872415549975
NautiIus Bot,3.0223035341606647e-05,2.3051783758781064e-05,2.299773043300066e-05,2.3261119601637293e-05,2.3143579162209187e-05,0.00012267724829723484
NautiIus Bot,2.838004241862728e-05,2.1956158281248854e-05,2.1911492993340528e-05,2.2145754516658722e-05,2.20437150903092e-05,0.00011643716330018458
dọn nhà đi em,2.8386764836309472e-05,2.1849329590883313e-05,2.185075270406156e-05,2.2012774496599146e-05,2.2024948116812224e-05,0.00011612456974466571
H0rnlime,2.0816901227616703e-05,1.7035328350475443e-05,1.707503846679795e-05,1.71377856975739e-05,1.7175126688304867e-05,8.924018043076886e-05
maces,1.657704440488878e-05,1.4144217432573293e-05,1.4130624797449423e-05,1.422060854561043e-05,1.4187243331447685e-05,7.325973851196961e-05
Lithosphere,1.6007312002946768e-05,1.3704303308052417e-05,1.3705013861411366e-05,1.3772588810992595e-05,1.376463510821992e-05,7.095385309162307e-05
Chin Chin NPC,1.1533286618982183e-05,1.028270905897909e-05,1.0289258747194998e-05,1.0322012049837104e-05,1.0320970382647996e-05,5.2748236857641374e-05
6Słodk9iBartuś,9.444007464121106e-06,8.588741013898174e-06,8.594242141787484e-06,8.616688246779272e-06,8.615333231811373e-06,4.3859012098397406e-05
GaoGe,9.40837515202604e-06,8.556536367650045e-06,8.564172209000611e-06,8.584035420444251e-06,8.585598414638675e-06,4.3698717563759626e-05
WestW SeMi GoD,8.858921644108527e-06,8.102317918087883e-06,8.106710583003918e-06,8.127012490755594e-06,8.125722632429899e-06,4.132068526838582e-05
LAEsports Gaming,6.698509948082531e-06,6.257361337487573e-06,6.259801859547155e-06,6.272260764466647e-06,6.270712280605697e-06,3.1758646190189604e-05
Objectif Cafard,5.911444386948598e-06,5.565730019763154e-06,5.56725334812533e-06,5.5775594194290764e-06,5.575769925143123e-06,2.819775709940928e-05
Zackary911,5.721225335559089e-06,5.396303385198761e-06,5.398229317758968e-06,5.407438029476087e-06,5.40621684738331e-06,2.7329412915376213e-05
Ringed Knight,5.052936852511059e-06,4.797085794828561e-06,4.799586405584238e-06,4.806046347981871e-06,4.805632795156227e-06,2.4261288196061955e-05
EZDOGS,4.324089628560663e-06,4.135237005437182e-06,4.1371663524390975e-06,4.141867564289277e-06,4.141692342033755e-06,2.0880052892759972e-05
25 ping,3.1089347591093833e-06,3.0105355253977284e-06,3.011151819725117e-06,3.014052248264306e-06,3.0135185703152104e-06,1.5158192922811745e-05
CZADPLANK,2.5533963210885176e-06,2.486597385229198e-06,2.4870799849739508e-06,2.489003727341382e-06,2.488677934630923e-06,1.250475535326397e-05
